TimeStamp,EventLabel,RowRemovalThreshold,AccumulationHeight,SpeedLevel,
1174602,row_removed,6,0,0
1174606,spawn_new_piece,6,0,0
965,key_press_Down,6,36,0
1463,key_press_Down,6,36,0
1496,key_press_Down,6,35,0
1952,key_press_Down,6,34,0
2450,key_press_Down,6,33,0
2483,key_press_Down,6,32,0
2516,key_press_Down,6,31,0
2549,key_press_Down,6,30,0
2581,key_press_Down,6,29,0
2614,key_press_Down,6,28,0
2647,key_press_Down,6,27,0
2680,key_press_Down,6,26,0
2713,key_press_Down,6,25,0
2746,key_press_Down,6,24,0
2779,key_press_Down,6,23,0
2812,key_press_Down,6,22,0
2845,key_press_Down,6,21,0
2878,key_press_Down,6,20,0
3411,key_press_Left,6,19,0
3632,key_press_Left,6,19,0
3757,key_press_Down,6,19,0
4255,key_press_Down,6,18,0
4288,key_press_Down,6,17,0
4320,key_press_Down,6,16,0
4353,key_press_Down,6,15,0
4386,key_press_Down,6,14,0
4419,key_press_Down,6,13,0
4452,key_press_Down,6,12,0
4485,key_press_Down,6,11,0
4518,key_press_Down,6,10,0
4551,key_press_Down,6,9,0
5271,key_press_Down,6,8,0
5769,key_press_Down,6,7,0
5802,key_press_Down,6,6,0
5835,key_press_Down,6,5,0
5868,key_press_Down,6,4,0
5900,key_press_Down,6,3,0
5933,key_press_Down,6,2,0
6060,key_press_Left,6,1,0
6457,rotate,6,0,0
6463,key_press_Up,6,2,0
6814,key_press_Left,6,2,0
7003,key_press_Left,6,1,0
7502,key_press_Down,6,1,0
7502,row_removed,6,1,0
7506,spawn_new_piece,6,1,0
8107,key_press_Down,6,1,0
8605,key_press_Down,6,1,0
8638,key_press_Down,6,1,0
8671,key_press_Down,6,1,0
8704,key_press_Down,6,1,0
8736,key_press_Down,6,1,0
8769,key_press_Down,6,1,0
8802,key_press_Down,6,1,0
8835,key_press_Down,6,1,0
8869,key_press_Down,6,1,0
8901,key_press_Down,6,1,0
8934,key_press_Down,6,1,0
8967,key_press_Down,6,1,0
9215,rotate,6,1,0
9218,key_press_Up,6,1,0
9611,key_press_Down,6,1,0
10109,key_press_Down,6,1,0
10142,key_press_Down,6,1,0
10175,key_press_Down,6,1,0
10207,key_press_Down,6,1,0
10241,key_press_Down,6,1,0
10274,key_press_Down,6,1,0
10306,key_press_Down,6,1,0
10339,key_press_Down,6,1,0
10372,key_press_Down,6,1,0
10405,key_press_Down,6,1,0
10438,key_press_Down,6,1,0
10471,key_press_Down,6,1,0
10504,key_press_Down,6,1,0
10537,key_press_Down,6,1,0
10569,key_press_Down,6,1,0
10602,key_press_Down,6,1,0
10635,key_press_Down,6,1,0
10668,key_press_Down,6,1,0
10701,key_press_Down,6,1,0
10735,key_press_Left,6,1,0
11019,key_press_Down,6,1,0
11517,key_press_Down,6,1,0
11550,key_press_Down,6,1,0
11583,key_press_Down,6,1,0
11616,key_press_Down,6,1,0
11649,key_press_Down,6,1,0
11682,key_press_Down,6,1,0
11682,row_removed,6,1,0
11690,spawn_new_piece,6,1,0
11715,key_press_Down,6,1,0
11748,key_press_Down,6,1,0
11780,key_press_Down,6,1,0
11813,key_press_Down,6,1,0
12438,rotate,6,1,0
12456,key_press_Up,6,1,0
12682,key_press_Down,6,1,0
13096,key_press_Right,6,1,0
14107,key_press_Right,6,1,0
14264,key_press_Down,6,1,0
14762,key_press_Down,6,1,0
14795,key_press_Down,6,1,0
14828,key_press_Down,6,1,0
14861,key_press_Down,6,1,0
14894,key_press_Down,6,1,0
14927,key_press_Down,6,1,0
14960,key_press_Down,6,1,0
14993,key_press_Down,6,1,0
15025,key_press_Down,6,1,0
15058,key_press_Down,6,1,0
15091,key_press_Down,6,1,0
15124,key_press_Down,6,1,0
15157,key_press_Down,6,1,0
15190,key_press_Down,6,1,0
15223,key_press_Down,6,1,0
15256,key_press_Down,6,1,0
15289,key_press_Down,6,1,0
15322,key_press_Down,6,1,0
15355,key_press_Down,6,1,0
15387,key_press_Down,6,1,0
15420,key_press_Down,6,1,0
15453,key_press_Down,6,1,0
15486,key_press_Down,6,1,0
15519,key_press_Down,6,1,0
15552,key_press_Down,6,1,0
15585,key_press_Down,6,1,0
15618,key_press_Down,6,1,0
15651,key_press_Down,6,1,0
15683,key_press_Down,6,1,0
15716,key_press_Down,6,1,0
15749,key_press_Down,6,1,0
15782,key_press_Down,6,1,0
15815,key_press_Down,6,1,0
15815,row_removed,6,1,0
15819,spawn_new_piece,6,1,0
15848,key_press_Down,6,1,0
15881,key_press_Down,6,1,0
15914,key_press_Down,6,1,0
15947,key_press_Down,6,1,0
15980,key_press_Down,6,1,0
16013,key_press_Down,6,1,0
16360,key_press_Down,6,1,0
16574,key_press_Down,6,1,0
16803,key_press_Down,6,1,0
17120,key_press_Down,6,1,0
17293,key_press_Right,6,1,0
17610,key_press_Right,6,1,0
17784,key_press_Right,6,1,0
17934,key_press_Right,6,1,0
18067,key_press_Right,6,1,0
18337,key_press_Down,6,1,0
18835,key_press_Down,6,1,0
18868,key_press_Down,6,1,0
18901,key_press_Down,6,1,0
18933,key_press_Down,6,1,0
18966,key_press_Down,6,1,0
18999,key_press_Down,6,1,0
19032,key_press_Down,6,1,0
19065,key_press_Down,6,1,0
19098,key_press_Down,6,1,0
19131,key_press_Down,6,1,0
19163,key_press_Down,6,1,0
19196,key_press_Down,6,1,0
19229,key_press_Down,6,1,0
19262,key_press_Down,6,1,0
19295,key_press_Down,6,1,0
19328,key_press_Down,6,1,0
19361,key_press_Down,6,1,0
19394,key_press_Down,6,1,0
19426,key_press_Down,6,1,0
19460,key_press_Down,6,1,0
19492,key_press_Down,6,1,0
19525,key_press_Down,6,1,0
19558,key_press_Down,6,1,0
19591,key_press_Down,6,1,0
19624,key_press_Down,6,1,0
19657,key_press_Down,6,1,0
19690,key_press_Down,6,1,0
19691,row_removed,6,1,1
19694,spawn_new_piece,6,1,1
19723,key_press_Down,6,1,1
19756,key_press_Down,6,1,1
19788,key_press_Down,6,1,1
19821,key_press_Down,6,1,1
19854,key_press_Down,6,1,1
19887,key_press_Down,6,1,1
19920,key_press_Down,6,1,1
20336,key_press_Right,6,1,1
20759,key_press_Left,6,1,1
20964,key_press_Left,6,1,1
21145,key_press_Left,6,1,1
21462,rotate,6,1,1
21470,key_press_Up,6,1,1
21826,key_press_Right,6,1,1
22048,key_press_Down,6,1,1
22525,key_press_Left,6,1,1
22906,key_press_Down,6,1,1
23166,key_press_Right,6,1,1
23412,key_press_Down,6,1,1
23910,key_press_Down,6,1,1
23943,key_press_Down,6,1,1
23976,key_press_Down,6,1,1
24009,key_press_Down,6,1,1
24042,key_press_Down,6,1,1
24075,key_press_Down,6,1,1
24108,key_press_Down,6,1,1
24140,key_press_Down,6,1,1
24173,key_press_Down,6,1,1
24206,key_press_Down,6,1,1
24239,key_press_Down,6,1,1
24272,key_press_Down,6,1,1
24305,key_press_Down,6,1,1
24338,key_press_Down,6,1,1
24371,key_press_Down,6,1,1
24404,key_press_Down,6,1,1
24437,key_press_Down,6,1,1
24470,key_press_Down,6,1,1
24502,key_press_Down,6,1,1
24535,key_press_Down,6,1,1
24568,key_press_Down,6,1,1
24601,key_press_Down,6,1,1
24634,key_press_Down,6,1,1
24667,key_press_Down,6,1,1
24700,key_press_Down,6,1,1
24733,key_press_Down,6,1,1
24766,key_press_Down,6,1,1
24799,key_press_Down,6,1,1
24799,row_removed,6,1,1
24807,spawn_new_piece,6,1,1
24831,key_press_Down,6,1,1
24864,key_press_Down,6,1,1
24897,key_press_Down,6,1,1
24930,key_press_Down,6,1,1
24963,key_press_Down,6,1,1
26370,key_press_Down,6,1,1
26868,key_press_Down,6,1,1
26901,key_press_Down,6,1,1
26933,key_press_Down,6,1,1
26966,key_press_Down,6,1,1
26999,key_press_Down,6,1,1
27032,key_press_Down,6,1,1
27065,key_press_Down,6,1,1
27098,key_press_Down,6,1,1
27131,key_press_Down,6,1,1
27164,key_press_Down,6,1,1
27197,key_press_Down,6,1,1
27230,key_press_Down,6,1,1
27263,key_press_Down,6,1,1
27296,key_press_Down,6,1,1
27328,key_press_Down,6,1,1
27361,key_press_Down,6,1,1
27395,key_press_Down,6,1,1
27428,key_press_Down,6,1,1
27460,key_press_Down,6,1,1
27493,key_press_Down,6,1,1
27526,key_press_Down,6,1,1
27559,key_press_Down,6,1,1
27592,key_press_Down,6,1,1
27625,key_press_Down,6,1,1
27658,key_press_Down,6,1,1
27691,key_press_Down,6,1,1
27724,key_press_Down,6,1,1
27757,key_press_Down,6,1,1
27789,key_press_Down,6,1,1
27822,key_press_Down,6,1,1
27822,row_removed,6,1,1
27826,spawn_new_piece,6,1,1
27855,key_press_Down,6,1,1
27888,key_press_Down,6,1,1
27921,key_press_Down,6,1,1
27954,key_press_Down,6,1,1
27987,key_press_Down,6,1,1
28019,key_press_Down,6,1,1
28052,key_press_Down,6,1,1
28554,key_press_Right,6,1,1
29006,key_press_Right,6,1,1
29235,key_press_Right,6,1,1
30047,key_press_Down,6,1,1
30545,key_press_Down,6,1,1
30578,key_press_Down,6,1,1
30611,key_press_Down,6,1,1
30644,key_press_Down,6,1,1
30677,key_press_Down,6,1,1
30710,key_press_Down,6,1,1
30743,key_press_Down,6,1,1
30775,key_press_Down,6,1,1
30808,key_press_Down,6,1,1
30841,key_press_Down,6,1,1
30874,key_press_Down,6,1,1
30907,key_press_Down,6,1,1
30940,key_press_Down,6,1,1
30973,key_press_Down,6,1,1
31006,key_press_Down,6,1,1
31038,key_press_Down,6,1,1
31071,key_press_Down,6,1,1
31105,key_press_Down,6,1,1
31137,key_press_Down,6,1,1
31170,key_press_Down,6,1,1
31203,key_press_Down,6,1,1
31236,key_press_Down,6,1,1
31269,key_press_Down,6,1,1
31302,key_press_Down,6,1,1
31335,key_press_Down,6,1,1
31367,key_press_Down,6,1,1
31401,key_press_Down,6,1,1
31433,key_press_Down,6,1,1
31466,key_press_Down,6,1,1
31466,row_removed,6,1,1
31470,spawn_new_piece,6,1,1
31499,key_press_Down,6,1,1
31532,key_press_Down,6,1,1
31565,key_press_Down,6,1,1
31598,key_press_Down,6,1,1
31631,key_press_Down,6,1,1
31664,key_press_Down,6,1,1
31697,key_press_Down,6,1,1
32447,key_press_Left,6,1,1
32685,key_press_Left,6,1,1
33416,key_press_Down,6,1,1
33914,key_press_Down,6,1,1
33947,key_press_Down,6,1,1
33980,key_press_Down,6,1,1
34012,key_press_Down,6,1,1
34045,key_press_Down,6,1,1
34078,key_press_Down,6,1,1
34111,key_press_Down,6,1,1
34144,key_press_Down,6,1,1
34177,key_press_Down,6,1,1
34210,key_press_Down,6,1,1
34243,key_press_Down,6,1,1
34276,key_press_Down,6,1,1
34309,key_press_Down,6,1,1
34342,key_press_Down,6,1,1
34374,key_press_Down,6,1,1
34407,key_press_Down,6,1,1
34440,key_press_Down,6,1,1
34473,key_press_Down,6,1,1
34506,key_press_Down,6,1,1
34539,key_press_Down,6,1,1
34572,key_press_Down,6,1,1
34605,key_press_Down,6,1,1
34637,key_press_Down,6,1,1
34670,key_press_Down,6,1,1
34703,key_press_Down,6,1,1
34736,key_press_Down,6,1,1
34769,key_press_Down,6,1,1
34802,key_press_Down,6,1,1
34835,key_press_Down,6,1,1
34868,key_press_Down,6,1,1
34868,row_removed,6,1,1
34872,spawn_new_piece,6,1,1
34901,key_press_Down,6,1,1
34934,key_press_Down,6,1,1
34967,key_press_Down,6,1,1
35000,key_press_Down,6,1,1
35033,key_press_Down,6,1,1
35066,key_press_Down,6,1,1
35202,key_press_Left,6,1,1
35399,key_press_Left,6,1,1
35580,key_press_Left,6,1,1
35848,key_press_Right,6,1,1
36045,key_press_Right,6,1,1
36235,key_press_Right,6,1,1
36408,key_press_Right,6,1,1
36630,key_press_Right,6,1,1
36915,key_press_Down,6,1,1
37290,key_press_Left,6,1,1
37749,key_press_Down,6,1,1
38247,key_press_Down,6,1,1
38280,key_press_Down,6,1,1
38312,key_press_Down,6,1,1
38345,key_press_Down,6,1,1
38379,key_press_Down,6,1,1
38411,key_press_Down,6,1,1
38444,key_press_Down,6,1,1
38477,key_press_Down,6,1,1
38510,key_press_Down,6,1,1
38543,key_press_Down,6,1,1
38576,key_press_Down,6,1,1
38609,key_press_Down,6,1,1
38642,key_press_Down,6,1,1
38675,key_press_Down,6,1,1
38708,key_press_Down,6,1,1
38740,key_press_Down,6,1,1
38773,key_press_Down,6,1,1
38806,key_press_Down,6,1,1
38839,key_press_Down,6,1,1
38872,key_press_Down,6,1,1
38904,key_press_Right,6,1,1
39101,key_press_Down,6,1,1
39599,key_press_Down,6,1,1
39632,key_press_Down,6,1,1
39665,key_press_Down,6,1,1
39698,key_press_Down,6,1,1
39731,key_press_Down,6,1,1
39764,key_press_Down,6,1,1
39797,key_press_Down,6,1,1
39830,key_press_Down,6,1,1
39830,row_removed,6,1,1
39841,spawn_new_piece,6,1,1
39862,key_press_Down,6,1,1
39896,key_press_Down,6,1,1
39928,key_press_Down,6,1,1
39961,key_press_Down,6,1,1
39994,key_press_Down,6,1,1
40272,key_press_Right,6,1,1
40814,rotate,6,1,1
40822,key_press_Up,6,1,1
41306,key_press_Left,6,1,1
41631,rotate,6,1,1
41639,key_press_Up,6,1,1
41948,rotate,6,1,1
41953,key_press_Up,6,1,1
42368,key_press_Down,6,1,1
42866,key_press_Down,6,1,1
42899,key_press_Down,6,1,1
42932,key_press_Down,6,1,1
42965,key_press_Down,6,1,1
42998,key_press_Down,6,1,1
43031,key_press_Down,6,1,1
43064,key_press_Down,6,1,1
43097,key_press_Down,6,1,1
43129,key_press_Down,6,1,1
43162,key_press_Down,6,1,1
43195,key_press_Down,6,1,1
43228,key_press_Down,6,1,1
43261,key_press_Down,6,1,1
43294,key_press_Down,6,1,1
43327,key_press_Down,6,1,1
43360,key_press_Down,6,1,1
43393,key_press_Down,6,1,1
43426,key_press_Down,6,1,1
43459,key_press_Down,6,1,1
43492,key_press_Down,6,1,1
43525,key_press_Down,6,1,1
43558,key_press_Down,6,1,1
43591,key_press_Down,6,1,1
43623,key_press_Down,6,1,1
43656,key_press_Down,6,1,1
43689,key_press_Down,6,1,1
43722,key_press_Down,6,1,1
43755,key_press_Down,6,1,1
43788,key_press_Down,6,1,1
43788,row_removed,6,1,1
43801,spawn_new_piece,6,1,1
43821,key_press_Down,6,1,1
43854,key_press_Down,6,1,1
43887,key_press_Down,6,1,1
43919,key_press_Down,6,1,1
43953,key_press_Down,6,1,1
43985,key_press_Down,6,1,1
44018,key_press_Down,6,1,1
44051,key_press_Down,6,1,1
44084,key_press_Down,6,1,1
44186,key_press_Down,6,1,1
44399,key_press_Right,6,1,1
44620,key_press_Right,6,1,1
44891,key_press_Left,6,1,1
45072,key_press_Left,6,1,1
45238,key_press_Left,6,1,1
45419,key_press_Left,6,1,1
45601,key_press_Left,6,1,1
45790,key_press_Left,6,1,1
45995,key_press_Down,6,1,1
46493,key_press_Down,6,1,1
46526,key_press_Down,6,1,1
46559,key_press_Down,6,1,1
46592,key_press_Down,6,1,1
46624,key_press_Down,6,1,1
46657,key_press_Down,6,1,1
46690,key_press_Down,6,1,1
46723,key_press_Down,6,1,1
46756,key_press_Down,6,1,1
46789,key_press_Down,6,1,1
46822,key_press_Down,6,1,1
46855,key_press_Down,6,1,1
46888,key_press_Down,6,1,1
46921,key_press_Down,6,1,1
46954,key_press_Down,6,1,1
46986,key_press_Down,6,1,1
47020,key_press_Down,6,1,1
47053,key_press_Down,6,1,1
47085,key_press_Down,6,1,1
47118,key_press_Down,6,1,1
47151,key_press_Down,6,1,1
47184,key_press_Down,6,1,1
47217,key_press_Down,6,1,1
47250,key_press_Down,6,1,1
47283,key_press_Down,6,1,1
47316,key_press_Down,6,1,1
47349,key_press_Down,6,1,1
47351,row_removed,6,1,2
47358,spawn_new_piece,6,1,2
47382,key_press_Down,6,1,2
47414,key_press_Down,6,1,2
47447,key_press_Down,6,1,2
47480,key_press_Down,6,1,2
47513,key_press_Down,6,1,2
47546,key_press_Down,6,1,2
47579,key_press_Down,6,1,2
47612,key_press_Down,6,1,2
47645,key_press_Down,6,1,2
47678,key_press_Down,6,1,2
47711,key_press_Down,6,1,2
47744,key_press_Down,6,1,2
47845,key_press_Left,6,1,2
48218,rotate,6,1,2
48227,key_press_Up,6,1,2
48384,rotate,6,1,2
48392,key_press_Up,6,1,2
48613,key_press_Left,6,1,2
48874,key_press_Left,6,1,2
49166,key_press_Down,6,1,2
49665,key_press_Down,6,1,2
49697,key_press_Down,6,1,2
49730,key_press_Down,6,1,2
49763,key_press_Down,6,1,2
49796,key_press_Down,6,1,2
49829,key_press_Down,6,1,2
49862,key_press_Down,6,1,2
49895,key_press_Down,6,1,2
49928,key_press_Down,6,1,2
49961,key_press_Down,6,1,2
49994,key_press_Down,6,1,2
50026,key_press_Down,6,1,2
50059,key_press_Down,6,1,2
50093,key_press_Down,6,1,2
50125,key_press_Down,6,1,2
50158,key_press_Down,6,1,2
50191,key_press_Down,6,1,2
50224,key_press_Down,6,1,2
50257,key_press_Down,6,1,2
50290,key_press_Down,6,1,2
50323,key_press_Down,6,1,2
50355,key_press_Down,6,1,2
50388,key_press_Down,6,1,2
50421,key_press_Down,6,1,2
50454,key_press_Down,6,1,2
50454,row_removed,6,1,2
50463,spawn_new_piece,6,1,2
50487,key_press_Down,6,1,2
50520,key_press_Down,6,1,2
50553,key_press_Down,6,1,2
50586,key_press_Down,6,1,2
50619,key_press_Down,6,1,2
50652,key_press_Down,6,1,2
50744,key_press_Right,6,1,2
50925,key_press_Right,6,1,2
51083,key_press_Right,6,1,2
51314,rotate,6,1,2
51323,key_press_Up,6,1,2
51870,rotate,6,1,2
51879,key_press_Up,6,1,2
52028,rotate,6,1,2
52037,key_press_Up,6,1,2
52272,key_press_Down,6,1,2
52766,rotate,6,1,2
52774,key_press_Up,6,1,2
52939,rotate,6,1,2
52948,key_press_Up,6,1,2
53600,key_press_Left,6,1,2
54069,key_press_Left,6,1,2
54298,key_press_Left,6,1,2
54527,key_press_Left,6,1,2
54852,key_press_Left,6,1,2
55216,key_press_Down,6,1,2
55714,key_press_Down,6,1,2
55747,key_press_Down,6,1,2
55780,key_press_Down,6,1,2
55813,key_press_Down,6,1,2
55846,key_press_Down,6,1,2
55879,key_press_Down,6,1,2
55912,key_press_Down,6,1,2
55945,key_press_Down,6,1,2
55977,key_press_Down,6,1,2
56010,key_press_Down,6,1,2
56043,key_press_Down,6,1,2
56077,key_press_Down,6,1,2
56109,key_press_Down,6,1,2
56142,key_press_Down,6,1,2
56175,key_press_Down,6,1,2
56208,key_press_Down,6,1,2
56241,key_press_Down,6,1,2
56274,key_press_Down,6,1,2
56307,key_press_Down,6,1,2
56339,key_press_Down,6,1,2
56372,key_press_Down,6,1,2
56406,key_press_Down,6,1,2
56438,key_press_Down,6,1,2
56471,row_removed,6,1,2
56471,key_press_Down,6,1,2
56479,spawn_new_piece,6,1,2
56504,key_press_Down,6,1,2
56537,key_press_Down,6,1,2
56570,key_press_Down,6,1,2
56603,key_press_Down,6,1,2
56636,key_press_Down,6,1,2
56669,key_press_Down,6,1,2
56702,key_press_Down,6,1,2
56735,key_press_Down,6,1,2
56768,key_press_Down,6,1,2
56800,key_press_Down,6,1,2
56833,key_press_Down,6,1,2
56866,key_press_Down,6,1,2
56899,key_press_Down,6,1,2
57760,key_press_Left,6,1,2
57958,key_press_Left,6,1,2
58139,key_press_Left,6,1,2
58313,key_press_Left,6,1,2
58471,key_press_Left,6,1,2
58635,key_press_Down,6,1,2
59133,key_press_Down,6,1,2
59166,key_press_Down,6,1,2
59199,key_press_Down,6,1,2
59232,key_press_Down,6,1,2
59265,key_press_Down,6,1,2
59298,key_press_Down,6,1,2
59331,key_press_Down,6,1,2
59364,key_press_Down,6,1,2
59396,key_press_Down,6,1,2
59429,key_press_Down,6,1,2
59462,key_press_Down,6,1,2
59495,key_press_Down,6,1,2
59528,key_press_Down,6,1,2
59561,key_press_Down,6,1,2
59594,key_press_Down,6,1,2
59627,key_press_Down,6,1,2
59660,key_press_Down,6,1,2
59693,key_press_Down,6,1,2
59726,key_press_Down,6,1,2
59759,key_press_Down,6,1,2
59792,key_press_Down,6,1,2
59792,row_removed,6,1,2
59801,spawn_new_piece,6,1,2
59824,key_press_Down,6,1,2
59857,key_press_Down,6,1,2
59890,key_press_Down,6,1,2
59923,key_press_Down,6,1,2
59956,key_press_Down,6,1,2
59989,key_press_Down,6,1,2
60022,key_press_Down,6,1,2
60055,key_press_Down,6,1,2
60246,key_press_Left,6,1,2
60873,key_press_Right,6,1,2
61126,key_press_Right,6,1,2
61365,rotate,6,1,2
61374,key_press_Up,6,1,2
61769,key_press_Down,6,1,2
62267,key_press_Down,6,1,2
62300,key_press_Down,6,1,2
62333,key_press_Down,6,1,2
62365,key_press_Down,6,1,2
62398,key_press_Down,6,1,2
62432,key_press_Down,6,1,2
62465,key_press_Down,6,1,2
62497,key_press_Down,6,1,2
62530,key_press_Down,6,1,2
62563,key_press_Down,6,1,2
62596,key_press_Down,6,1,2
62629,key_press_Down,6,1,2
62662,key_press_Down,6,1,2
62695,key_press_Down,6,1,2
62728,key_press_Down,6,1,2
62760,key_press_Down,6,1,2
62794,key_press_Down,6,1,2
62827,key_press_Down,6,1,2
62859,key_press_Down,6,1,2
62892,key_press_Down,6,1,2
62925,key_press_Down,6,1,2
62958,key_press_Down,6,1,2
62991,key_press_Down,6,1,2
63024,key_press_Down,6,1,2
63057,key_press_Down,6,1,2
63090,key_press_Down,6,1,2
63123,key_press_Down,6,1,2
63123,row_removed,6,1,2
63128,spawn_new_piece,6,1,2
63155,key_press_Down,6,1,2
63188,key_press_Down,6,1,2
63221,key_press_Down,6,1,2
63254,key_press_Down,6,1,2
63288,key_press_Down,6,1,2
63320,key_press_Down,6,1,2
63353,key_press_Down,6,1,2
63500,key_press_Left,6,1,2
63761,key_press_Left,6,1,2
63950,key_press_Left,6,1,2
64339,key_press_Down,6,1,2
64837,key_press_Down,6,1,2
64870,key_press_Down,6,1,2
64903,key_press_Down,6,1,2
64936,key_press_Down,6,1,2
64968,key_press_Down,6,1,2
65001,key_press_Down,6,1,2
65034,key_press_Down,6,1,2
65067,key_press_Down,6,1,2
65100,key_press_Down,6,1,2
65133,key_press_Down,6,1,2
65166,key_press_Down,6,1,2
65199,key_press_Down,6,1,2
65231,key_press_Right,6,1,2
65771,key_press_Down,6,1,2
66269,key_press_Down,6,1,2
66302,key_press_Down,6,1,2
66335,key_press_Down,6,1,2
66368,key_press_Down,6,1,2
66401,key_press_Down,6,1,2
66434,key_press_Down,6,1,2
66467,key_press_Down,6,1,2
66500,key_press_Down,6,1,2
66532,key_press_Down,6,1,2
66565,key_press_Down,6,1,2
66599,key_press_Down,6,1,2
66632,row_removed,6,1,2
66632,key_press_Down,6,1,2
66641,spawn_new_piece,6,1,2
66664,key_press_Down,6,1,2
66697,key_press_Down,6,1,2
66730,key_press_Down,6,1,2
66763,key_press_Down,6,1,2
66796,key_press_Down,6,1,2
67422,rotate,6,1,2
67432,key_press_Up,6,1,2
67588,rotate,6,1,2
67597,key_press_Up,6,1,2
67745,key_press_Left,6,1,2
67959,key_press_Left,6,1,2
68132,key_press_Left,6,1,2
68290,key_press_Left,6,1,2
68464,key_press_Left,6,1,2
68828,key_press_Down,6,1,2
69326,key_press_Down,6,1,2
69359,key_press_Down,6,1,2
69392,key_press_Down,6,1,2
69425,key_press_Down,6,1,2
69458,key_press_Down,6,1,2
69491,key_press_Down,6,1,2
69524,key_press_Down,6,1,2
69556,key_press_Down,6,1,2
69589,key_press_Down,6,1,2
69623,key_press_Down,6,1,2
69655,key_press_Down,6,1,2
69688,key_press_Down,6,1,2
69722,key_press_Down,6,1,2
69754,key_press_Down,6,1,2
69787,key_press_Down,6,1,2
69820,key_press_Down,6,1,2
69853,key_press_Down,6,1,2
69886,key_press_Down,6,1,2
69919,key_press_Down,6,1,2
69952,key_press_Down,6,1,2
69985,key_press_Down,6,1,2
70018,key_press_Down,6,1,2
70051,key_press_Down,6,1,2
70084,key_press_Down,6,1,2
70116,key_press_Down,6,1,2
70149,key_press_Down,6,1,2
70182,key_press_Down,6,1,2
70215,key_press_Down,6,1,2
70248,key_press_Down,6,1,2
70248,row_removed,6,1,2
70258,spawn_new_piece,6,1,2
70281,key_press_Down,6,1,2
70314,key_press_Down,6,1,2
70347,key_press_Down,6,1,2
70380,key_press_Down,6,1,2
70413,key_press_Down,6,1,2
70446,key_press_Down,6,1,2
70478,key_press_Down,6,1,2
70511,key_press_Down,6,1,2
70544,key_press_Down,6,1,2
71126,rotate,6,1,2
71135,key_press_Up,6,1,2
73692,key_press_Down,6,1,2
74191,key_press_Down,6,1,2
74224,key_press_Down,6,1,2
74256,key_press_Down,6,1,2
74289,key_press_Down,6,1,2
74322,key_press_Down,6,1,2
74355,key_press_Down,6,1,2
74388,key_press_Down,6,1,2
74421,key_press_Down,6,1,2
74454,key_press_Down,6,1,2
74487,key_press_Down,6,1,2
74520,key_press_Down,6,1,2
74553,key_press_Down,6,1,2
74586,key_press_Down,6,1,2
74618,key_press_Down,6,1,2
74651,key_press_Down,6,1,2
74684,key_press_Down,6,1,2
74717,key_press_Down,6,1,2
74750,key_press_Down,6,1,2
74783,key_press_Down,6,1,2
74816,key_press_Down,6,1,2
74849,key_press_Down,6,1,2
74882,key_press_Down,6,1,2
74882,row_removed,6,1,2
74889,spawn_new_piece,6,1,2
74915,key_press_Down,6,1,2
74947,key_press_Down,6,1,2
74981,key_press_Down,6,1,2
75013,key_press_Down,6,1,2
75046,key_press_Down,6,1,2
75678,key_press_Left,6,1,2
76441,key_press_Right,6,1,2
76752,key_press_Left,6,1,2
76933,key_press_Left,6,1,2
77107,key_press_Left,6,1,2
77678,key_press_Down,6,1,2
78176,key_press_Down,6,1,2
78210,key_press_Down,6,1,2
78242,key_press_Down,6,1,2
78275,key_press_Down,6,1,2
78308,key_press_Down,6,1,2
78341,key_press_Down,6,1,2
78374,key_press_Down,6,1,2
78407,key_press_Down,6,1,2
78440,key_press_Down,6,1,2
78473,key_press_Down,6,1,2
78506,key_press_Down,6,1,2
78538,key_press_Down,6,1,2
78572,key_press_Down,6,1,2
78605,key_press_Down,6,1,2
78637,key_press_Down,6,1,2
78670,key_press_Down,6,1,2
78703,key_press_Down,6,1,2
78736,key_press_Down,6,1,2
78769,key_press_Down,6,1,2
78802,key_press_Down,6,1,2
78835,key_press_Down,6,1,2
78868,key_press_Down,6,1,2
78901,key_press_Down,6,1,2
78934,key_press_Down,6,1,2
78967,row_removed,6,1,2
78966,key_press_Down,6,1,2
78972,spawn_new_piece,6,1,2
79000,key_press_Down,6,1,2
79033,key_press_Down,6,1,2
79066,key_press_Down,6,1,2
79098,key_press_Down,6,1,2
79131,key_press_Down,6,1,2
79164,key_press_Down,6,1,2
79535,key_press_Right,6,1,2
80022,key_press_Left,6,1,2
80250,key_press_Down,6,1,2
80748,key_press_Down,6,1,2
80781,key_press_Down,6,1,2
80814,key_press_Down,6,1,2
80847,key_press_Down,6,1,2
80880,key_press_Down,6,1,2
80913,key_press_Down,6,1,2
80946,key_press_Down,6,1,2
80979,key_press_Down,6,1,2
81011,key_press_Down,6,1,2
81045,key_press_Down,6,1,2
81078,key_press_Down,6,1,2
81111,key_press_Down,6,1,2
81143,key_press_Down,6,1,2
81176,key_press_Down,6,1,2
81209,key_press_Down,6,1,2
81242,key_press_Down,6,1,2
81275,key_press_Down,6,1,2
81308,key_press_Down,6,1,2
81341,key_press_Down,6,1,2
81374,key_press_Down,6,1,2
81407,key_press_Down,6,1,2
81440,key_press_Down,6,1,2
81473,key_press_Down,6,1,2
81506,key_press_Down,6,1,2
81538,key_press_Down,6,1,2
81539,row_removed,6,1,2
81550,spawn_new_piece,6,1,2
81571,key_press_Down,6,1,2
81604,key_press_Down,6,1,2
81637,key_press_Down,6,1,2
81670,key_press_Down,6,1,2
81876,key_press_Right,6,1,2
82057,key_press_Right,6,1,2
82231,key_press_Right,6,1,2
82396,key_press_Right,6,1,2
83121,key_press_Down,6,1,2
83619,key_press_Down,6,1,2
83652,key_press_Down,6,1,2
83685,key_press_Down,6,1,2
83718,key_press_Down,6,1,2
83751,key_press_Down,6,1,2
83784,key_press_Down,6,1,2
83817,key_press_Down,6,1,2
83849,key_press_Down,6,1,2
83882,key_press_Down,6,1,2
83915,key_press_Down,6,1,2
83948,key_press_Down,6,1,2
83981,key_press_Down,6,1,2
84014,key_press_Down,6,1,2
84047,key_press_Down,6,1,2
84080,key_press_Down,6,1,2
84112,key_press_Down,6,1,2
84145,key_press_Down,6,1,2
84178,key_press_Down,6,1,2
84211,key_press_Down,6,1,2
84244,key_press_Down,6,1,2
84277,key_press_Down,6,1,2
84310,key_press_Down,6,1,2
84343,key_press_Down,6,1,2
84376,key_press_Down,6,1,2
84409,key_press_Down,6,1,2
84442,key_press_Down,6,1,2
84474,key_press_Down,6,1,2
84507,key_press_Down,6,1,2
84540,key_press_Down,6,1,2
84573,key_press_Down,6,1,2
84606,key_press_Down,6,1,2
84639,key_press_Down,6,1,2
84672,key_press_Down,6,1,2
84674,row_removed,6,1,4
84680,spawn_new_piece,6,1,4
84705,key_press_Down,6,1,4
84738,key_press_Down,6,1,4
84771,key_press_Down,6,1,4
84804,key_press_Down,6,1,4
84837,key_press_Down,6,1,4
84870,key_press_Down,6,1,4
84903,key_press_Down,6,1,4
85241,key_press_Right,6,1,4
85454,key_press_Right,6,1,4
85893,key_press_Left,6,1,4
86067,key_press_Left,6,1,4
86295,key_press_Down,6,1,4
86883,key_press_Right,6,1,4
87113,key_press_Down,6,1,4
87611,key_press_Down,6,1,4
87644,key_press_Down,6,1,4
87677,key_press_Down,6,1,4
87710,key_press_Down,6,1,4
87743,key_press_Down,6,1,4
87776,key_press_Down,6,1,4
87808,key_press_Down,6,1,4
87841,key_press_Down,6,1,4
87874,key_press_Down,6,1,4
87907,key_press_Down,6,1,4
87940,key_press_Down,6,1,4
87973,key_press_Down,6,1,4
88006,key_press_Down,6,1,4
88039,key_press_Down,6,1,4
88072,key_press_Down,6,1,4
88105,key_press_Down,6,1,4
88138,key_press_Down,6,1,4
88171,key_press_Down,6,1,4
88203,key_press_Down,6,1,4
88236,key_press_Down,6,1,4
88269,key_press_Down,6,1,4
88302,key_press_Down,6,1,4
88335,key_press_Down,6,1,4
88335,row_removed,6,1,4
88342,spawn_new_piece,6,1,4
88368,key_press_Down,6,1,4
88401,key_press_Down,6,1,4
88434,key_press_Down,6,1,4
88467,key_press_Down,6,1,4
88500,key_press_Down,6,1,4
88533,key_press_Down,6,1,4
88566,key_press_Down,6,1,4
88598,key_press_Down,6,1,4
88631,key_press_Down,6,1,4
88665,key_press_Down,6,1,4
88698,key_press_Down,6,1,4
88731,key_press_Down,6,1,4
88763,key_press_Down,6,1,4
88796,key_press_Down,6,1,4
89082,key_press_Right,6,1,4
89400,key_press_Left,6,1,4
89606,key_press_Left,6,1,4
89803,key_press_Left,6,1,4
89977,key_press_Left,6,1,4
90159,key_press_Left,6,1,4
90419,key_press_Down,6,1,4
90917,key_press_Down,6,1,4
90950,key_press_Down,6,1,4
90983,key_press_Down,6,1,4
91016,key_press_Down,6,1,4
91049,key_press_Down,6,1,4
91082,key_press_Down,6,1,4
91115,key_press_Down,6,1,4
91147,key_press_Down,6,1,4
91180,key_press_Down,6,1,4
91213,key_press_Down,6,1,4
91246,key_press_Down,6,1,4
91279,key_press_Down,6,1,4
91312,key_press_Down,6,1,4
91345,key_press_Down,6,1,4
91378,key_press_Down,6,1,4
91411,key_press_Down,6,1,4
91443,key_press_Down,6,1,4
91477,row_removed,6,1,4
91477,key_press_Down,6,1,4
91487,spawn_new_piece,6,1,4
91509,key_press_Down,6,1,4
91542,key_press_Down,6,1,4
91575,key_press_Down,6,1,4
91608,key_press_Down,6,1,4
91641,key_press_Down,6,1,4
91828,key_press_Right,6,1,4
92034,key_press_Right,6,1,4
92184,key_press_Right,6,1,4
92341,key_press_Right,6,1,4
92692,key_press_Left,6,1,4
92873,key_press_Down,6,1,4
93371,key_press_Down,6,1,4
93404,key_press_Down,6,1,4
93436,key_press_Down,6,1,4
93469,key_press_Down,6,1,4
93502,key_press_Down,6,1,4
93535,key_press_Down,6,1,4
93568,key_press_Down,6,1,4
93601,key_press_Down,6,1,4
93634,key_press_Down,6,1,4
93667,key_press_Down,6,1,4
93700,key_press_Down,6,1,4
93733,key_press_Down,6,1,4
93765,key_press_Down,6,1,4
93799,key_press_Down,6,1,4
93831,key_press_Down,6,1,4
93864,key_press_Down,6,1,4
93897,key_press_Down,6,1,4
93930,key_press_Down,6,1,4
93963,key_press_Down,6,1,4
93996,key_press_Down,6,1,4
94029,key_press_Down,6,1,4
94062,key_press_Down,6,1,4
94095,key_press_Down,6,1,4
94128,key_press_Down,6,1,4
94161,key_press_Down,6,1,4
94193,key_press_Down,6,1,4
94226,key_press_Down,6,1,4
94259,key_press_Down,6,1,4
94292,key_press_Down,6,1,4
94325,key_press_Down,6,1,4
94325,row_removed,6,1,4
94331,spawn_new_piece,6,1,3
94358,key_press_Down,6,1,3
94391,key_press_Down,6,1,3
94424,key_press_Down,6,1,3
94457,key_press_Down,6,1,3
94554,key_press_Right,6,1,3
94719,key_press_Right,6,1,3
94893,key_press_Right,6,1,3
95226,key_press_Right,6,1,3
95593,key_press_Left,6,1,3
95781,key_press_Down,6,1,3
96279,key_press_Down,6,1,3
96312,key_press_Down,6,1,3
96345,key_press_Down,6,1,3
96378,key_press_Down,6,1,3
96411,key_press_Down,6,1,3
96444,key_press_Down,6,1,3
96477,key_press_Down,6,1,3
96510,key_press_Down,6,1,3
96542,key_press_Down,6,1,3
96575,key_press_Down,6,1,3
96608,key_press_Down,6,1,3
96641,key_press_Down,6,1,3
96674,key_press_Down,6,1,3
96707,key_press_Down,6,1,3
96740,key_press_Down,6,1,3
96773,key_press_Down,6,1,3
96806,key_press_Down,6,1,3
96839,key_press_Down,6,1,3
96872,key_press_Down,6,1,3
96905,key_press_Down,6,1,3
96937,key_press_Down,6,1,3
96970,key_press_Down,6,1,3
97003,key_press_Down,6,1,3
97036,key_press_Down,6,1,3
97069,key_press_Down,6,1,3
97102,key_press_Down,6,1,3
97135,key_press_Down,6,1,3
97168,key_press_Down,6,1,3
97201,key_press_Down,6,1,3
97201,row_removed,6,1,3
97205,spawn_new_piece,6,1,3
97234,key_press_Down,6,1,3
97267,key_press_Down,6,1,3
97300,key_press_Down,6,1,3
97333,key_press_Down,6,1,3
97727,key_press_Left,6,1,3
97971,key_press_Right,6,1,3
98145,key_press_Right,6,1,3
98294,key_press_Right,6,1,3
98452,key_press_Right,6,1,3
98753,key_press_Right,6,1,3
98919,key_press_Right,6,1,3
99133,key_press_Down,6,1,3
99631,key_press_Down,6,1,3
99664,key_press_Down,6,1,3
99697,key_press_Down,6,1,3
99730,key_press_Down,6,1,3
99763,key_press_Down,6,1,3
99796,key_press_Down,6,1,3
99828,key_press_Down,6,1,3
99861,key_press_Down,6,1,3
99894,key_press_Down,6,1,3
99927,key_press_Down,6,1,3
99960,key_press_Down,6,1,3
99993,key_press_Down,6,1,3
100026,key_press_Down,6,1,3
100059,key_press_Down,6,1,3
100092,key_press_Down,6,1,3
100125,key_press_Down,6,1,3
100157,key_press_Down,6,1,3
100190,key_press_Down,6,1,3
100223,key_press_Down,6,1,3
100257,key_press_Down,6,1,3
100289,key_press_Down,6,1,3
100322,key_press_Down,6,1,3
100355,key_press_Down,6,1,3
100388,key_press_Down,6,1,3
100421,key_press_Down,6,1,3
100454,key_press_Down,6,1,3
100487,key_press_Down,6,1,3
100520,key_press_Down,6,1,3
100553,key_press_Down,6,1,3
100586,key_press_Down,6,1,3
100619,key_press_Down,6,1,3
100651,key_press_Down,6,1,3
100653,row_removed,6,1,7
100658,spawn_new_piece,6,1,7
100684,key_press_Down,6,1,7
100717,key_press_Down,6,1,7
100750,key_press_Down,6,1,7
100783,key_press_Down,6,1,7
100816,key_press_Down,6,1,7
102156,key_press_Left,6,1,7
102522,key_press_Left,6,1,7
102815,rotate,6,1,7
102825,key_press_Up,6,1,7
103449,key_press_Right,6,1,7
103695,key_press_Right,6,1,7
103990,rotate,6,1,7
104001,key_press_Up,6,1,7
104475,key_press_Left,6,1,7
104688,key_press_Left,6,1,7
104862,key_press_Left,6,1,7
105019,rotate,6,1,7
105029,key_press_Up,6,1,7
105201,rotate,6,1,7
105210,key_press_Up,6,1,7
105574,rotate,6,1,7
105584,key_press_Up,6,1,7
105891,key_press_Left,6,1,7
106120,key_press_Down,6,1,7
106618,key_press_Down,6,1,7
106651,key_press_Down,6,1,7
106684,key_press_Down,6,1,7
106717,key_press_Down,6,1,7
106750,key_press_Down,6,1,7
106783,key_press_Down,6,1,7
106815,key_press_Down,6,1,7
106848,key_press_Down,6,1,7
106881,key_press_Down,6,1,7
106914,key_press_Down,6,1,7
106947,key_press_Down,6,1,7
106980,key_press_Down,6,1,7
107013,key_press_Down,6,1,7
107046,key_press_Down,6,1,7
107046,row_removed,6,1,7
107055,spawn_new_piece,6,1,7
107079,key_press_Down,6,1,7
107112,key_press_Down,6,1,7
107144,key_press_Down,6,1,7
107178,key_press_Down,6,1,7
107211,key_press_Down,6,1,7
107243,key_press_Down,6,1,7
107276,key_press_Down,6,1,7
107386,key_press_Right,6,1,7
107560,key_press_Right,6,1,7
108149,key_press_Down,6,1,7
108467,key_press_Left,6,1,7
108632,key_press_Down,6,1,7
108860,key_press_Right,6,1,7
109058,key_press_Down,6,1,7
109557,key_press_Down,6,1,7
109589,key_press_Down,6,1,7
109622,key_press_Down,6,1,7
109655,key_press_Down,6,1,7
109688,key_press_Down,6,1,7
109721,key_press_Down,6,1,7
109754,key_press_Down,6,1,7
109787,key_press_Down,6,1,7
109820,key_press_Down,6,1,7
109853,key_press_Down,6,1,7
109886,key_press_Down,6,1,7
109919,key_press_Down,6,1,7
109952,key_press_Down,6,1,7
109985,key_press_Down,6,1,7
110017,key_press_Down,6,1,7
110050,key_press_Down,6,1,7
110083,key_press_Down,6,1,7
110116,key_press_Down,6,1,7
110149,key_press_Down,6,1,7
110182,key_press_Down,6,1,7
110215,key_press_Down,6,1,7
110248,key_press_Down,6,1,7
110248,row_removed,6,1,7
110252,spawn_new_piece,6,1,7
110280,key_press_Down,6,1,7
110314,key_press_Down,6,1,7
110347,key_press_Down,6,1,7
110379,key_press_Down,6,1,7
110412,key_press_Down,6,1,7
110445,key_press_Down,6,1,7
110638,key_press_Left,6,1,7
110835,key_press_Left,6,1,7
111008,key_press_Down,6,1,7
111506,key_press_Down,6,1,7
111539,key_press_Down,6,1,7
111572,key_press_Down,6,1,7
111605,key_press_Down,6,1,7
111638,key_press_Down,6,1,7
111671,key_press_Down,6,1,7
111703,key_press_Down,6,1,7
111736,key_press_Down,6,1,7
111811,key_press_Right,6,1,7
111977,key_press_Down,6,1,7
112475,key_press_Down,6,1,7
112508,key_press_Down,6,1,7
112541,key_press_Down,6,1,7
112574,key_press_Down,6,1,7
112607,key_press_Down,6,1,7
112640,key_press_Down,6,1,7
112673,key_press_Down,6,1,7
112706,key_press_Down,6,1,7
112738,key_press_Down,6,1,7
112771,key_press_Down,6,1,7
112804,key_press_Down,6,1,7
112837,key_press_Down,6,1,7
112870,key_press_Down,6,1,7
112903,key_press_Down,6,1,7
112936,key_press_Down,6,1,7
112969,key_press_Down,6,1,7
113002,key_press_Down,6,1,7
113035,row_removed,6,1,7
113035,key_press_Down,6,1,7
113039,spawn_new_piece,6,1,7
113068,key_press_Down,6,1,7
113101,key_press_Down,6,1,7
113134,key_press_Down,6,1,7
113166,key_press_Down,6,1,7
113199,key_press_Down,6,1,7
113232,key_press_Down,6,1,7
113962,key_press_Right,6,1,7
114159,key_press_Right,6,1,7
114357,key_press_Right,6,1,7
114508,key_press_Left,6,1,7
114705,key_press_Left,6,1,7
114895,rotate,6,1,7
114905,key_press_Up,6,1,7
115077,rotate,6,1,7
115087,key_press_Up,6,1,7
115410,rotate,6,1,7
115420,key_press_Up,6,1,7
115575,rotate,6,1,7
115580,key_press_Up,6,1,7
115893,rotate,6,1,7
115903,key_press_Up,6,1,7
116146,key_press_Left,6,1,7
116334,key_press_Down,6,1,7
116833,key_press_Down,6,1,7
116866,key_press_Down,6,1,7
116899,key_press_Down,6,1,7
117004,key_press_Left,6,1,7
117176,key_press_Down,6,1,7
117675,key_press_Down,6,1,7
117708,key_press_Down,6,1,7
117741,key_press_Down,6,1,7
117774,key_press_Down,6,1,7
117807,key_press_Down,6,1,7
117840,key_press_Down,6,1,7
117873,key_press_Down,6,1,7
117906,key_press_Down,6,1,7
117938,key_press_Down,6,1,7
117971,key_press_Down,6,1,7
118004,key_press_Down,6,1,7
118037,key_press_Down,6,1,7
118070,key_press_Down,6,1,7
118103,key_press_Down,6,1,7
118103,row_removed,6,1,7
118109,spawn_new_piece,6,1,7
118136,key_press_Down,6,1,7
118169,key_press_Down,6,1,7
118201,key_press_Down,6,1,7
118234,key_press_Down,6,1,7
118268,key_press_Down,6,1,7
118300,key_press_Down,6,1,7
118413,key_press_Left,6,1,7
118595,key_press_Left,6,1,7
118966,key_press_Right,6,1,7
119820,key_press_Left,6,1,7
120271,key_press_Right,6,1,7
120549,key_press_Right,6,1,7
120778,key_press_Right,6,1,7
121071,key_press_Right,6,1,7
121989,rotate,6,1,7
121999,key_press_Up,6,1,7
122466,rotate,6,1,7
122476,key_press_Up,6,1,7
122631,rotate,6,1,7
122642,key_press_Up,6,1,7
123003,key_press_Down,6,1,7
123501,key_press_Down,6,1,7
123534,key_press_Down,6,1,7
123567,key_press_Down,6,1,7
123600,key_press_Down,6,1,7
123633,key_press_Down,6,1,7
123666,key_press_Down,6,1,7
123699,key_press_Down,6,1,7
123732,key_press_Down,6,1,7
123765,key_press_Down,6,1,7
123798,key_press_Down,6,1,7
123831,key_press_Down,6,1,7
123864,key_press_Down,6,1,7
123897,key_press_Down,6,1,7
123930,key_press_Down,6,1,7
123930,row_removed,6,1,7
123941,spawn_new_piece,6,1,7
123962,key_press_Down,6,1,7
123995,key_press_Down,6,1,7
124028,key_press_Down,6,1,7
124061,key_press_Down,6,1,7
124366,key_press_Right,6,1,7
124581,key_press_Left,6,1,7
124770,key_press_Left,6,1,7
125407,key_press_Left,6,1,7
129538,key_press_Down,6,1,7
130037,key_press_Down,6,1,7
130070,key_press_Down,6,1,7
130103,key_press_Down,6,1,7
130136,key_press_Down,6,1,7
130168,key_press_Down,6,1,7
130201,key_press_Down,6,1,7
130234,key_press_Down,6,1,7
130267,key_press_Down,6,1,7
130300,key_press_Down,6,1,7
130333,key_press_Down,6,1,7
130366,key_press_Down,6,1,7
130399,key_press_Down,6,1,7
130432,row_removed,6,1,7
130432,key_press_Down,6,1,7
130436,spawn_new_piece,6,1,7
130465,key_press_Down,6,1,7
130497,key_press_Down,6,1,7
130530,key_press_Down,6,1,7
130563,key_press_Down,6,1,7
130596,key_press_Down,6,1,7
130629,key_press_Down,6,1,7
130662,key_press_Down,6,1,7
130998,key_press_Left,6,1,7
131204,key_press_Left,6,1,7
131393,key_press_Left,6,1,7
131836,key_press_Right,6,1,7
132058,key_press_Down,6,1,7
132822,key_press_Right,6,1,7
133700,key_press_Left,6,1,7
134016,key_press_Down,6,1,7
134514,key_press_Down,6,1,7
134547,key_press_Down,6,1,7
134580,key_press_Down,6,1,7
134613,key_press_Down,6,1,7
134646,key_press_Down,6,1,7
134678,key_press_Down,6,1,7
134712,key_press_Down,6,1,7
134745,key_press_Down,6,1,7
134777,key_press_Down,6,1,7
134810,key_press_Down,6,1,7
134843,key_press_Down,6,1,7
134923,key_press_Right,6,1,7
135289,key_press_Down,6,1,7
135627,row_removed,6,1,7
135638,spawn_new_piece,6,1,7
135741,key_press_Right,6,1,7
136011,key_press_Right,6,1,7
136831,key_press_Down,6,1,7
137228,key_press_Down,6,1,7
137738,key_press_Left,6,1,7
138039,rotate,6,1,7
138050,key_press_Up,6,1,7
138237,rotate,6,1,7
138248,key_press_Up,6,1,7
138594,rotate,6,1,7
138604,key_press_Up,6,1,7
138791,rotate,6,1,7
138802,key_press_Up,6,1,7
138973,rotate,6,1,7
138983,key_press_Up,6,1,7
139576,key_press_Right,6,1,7
139790,key_press_Down,6,1,7
140005,key_press_Left,6,1,7
140232,key_press_Down,6,1,7
140731,key_press_Down,6,1,7
140764,key_press_Down,6,1,7
140797,key_press_Down,6,1,7
140830,key_press_Down,6,1,7
140863,key_press_Down,6,1,7
140896,key_press_Down,6,1,7
140929,key_press_Down,6,1,7
140962,key_press_Down,6,1,7
140994,key_press_Down,6,1,7
141027,key_press_Down,6,1,7
141060,key_press_Down,6,1,7
141093,key_press_Down,6,1,7
141126,key_press_Down,6,1,7
141159,key_press_Down,6,1,7
141192,key_press_Down,6,1,7
141225,key_press_Down,6,1,7
141258,key_press_Down,6,1,7
141258,row_removed,6,1,7
141262,spawn_new_piece,6,1,7
141291,key_press_Down,6,1,7
141555,key_press_Right,6,1,7
141745,key_press_Right,6,1,7
142311,key_press_Left,6,1,7
142501,key_press_Left,6,1,7
142674,key_press_Left,6,1,7
142872,key_press_Left,6,1,7
143387,key_press_Right,6,1,7
143736,key_press_Right,6,1,7
144142,key_press_Down,6,1,7
144387,key_press_Right,6,1,7
144569,key_press_Down,6,1,7
145067,key_press_Down,6,1,7
145100,key_press_Down,6,1,7
145133,key_press_Down,6,1,7
145166,key_press_Down,6,1,7
145198,key_press_Down,6,1,7
145231,key_press_Down,6,1,7
145264,key_press_Down,6,1,7
145297,key_press_Down,6,1,7
145330,key_press_Down,6,1,7
145363,key_press_Down,6,1,7
145396,key_press_Down,6,1,7
145429,key_press_Down,6,1,7
145462,key_press_Down,6,1,7
145495,key_press_Down,6,1,7
145528,key_press_Down,6,1,7
145561,key_press_Down,6,1,7
145593,key_press_Down,6,1,7
145627,key_press_Down,6,1,7
145660,row_removed,6,1,7
145659,key_press_Down,6,1,7
145671,spawn_new_piece,6,1,7
145692,key_press_Down,6,1,7
145725,key_press_Down,6,1,7
145758,key_press_Down,6,1,7
146515,key_press_Left,6,1,7
146713,key_press_Left,6,1,7
146910,key_press_Left,6,1,7
147132,key_press_Left,6,1,7
147313,key_press_Left,6,1,7
147510,key_press_Down,6,1,7
148008,key_press_Down,6,1,7
148041,key_press_Down,6,1,7
148074,key_press_Down,6,1,7
148106,key_press_Down,6,1,7
148139,key_press_Down,6,1,7
148172,key_press_Down,6,1,7
148205,key_press_Down,6,1,7
148238,key_press_Down,6,1,7
148271,key_press_Down,6,1,7
148304,key_press_Down,6,1,7
148337,key_press_Down,6,1,7
148370,key_press_Down,6,1,7
148403,key_press_Down,6,1,7
148436,key_press_Down,6,1,7
148468,key_press_Down,6,1,7
148501,key_press_Down,6,1,7
148534,key_press_Down,6,1,7
148567,key_press_Down,6,1,7
148600,key_press_Down,6,1,7
148633,key_press_Down,6,1,7
148666,key_press_Down,6,1,7
148699,key_press_Down,6,1,7
148732,key_press_Down,6,1,7
148765,key_press_Down,6,1,7
148798,key_press_Down,6,1,7
148831,key_press_Down,6,1,7
148831,row_removed,6,1,7
148841,spawn_new_piece,6,1,7
148864,key_press_Down,6,1,7
148896,key_press_Down,6,1,7
148929,key_press_Down,6,1,7
148962,key_press_Down,6,1,7
148995,key_press_Down,6,1,7
149079,key_press_Right,6,1,7
149261,key_press_Right,6,1,7
149458,key_press_Right,6,1,7
149616,key_press_Right,6,1,7
149773,key_press_Right,6,1,7
150075,key_press_Down,6,1,7
150573,key_press_Down,6,1,7
150606,key_press_Down,6,1,7
150639,key_press_Down,6,1,7
150672,key_press_Down,6,1,7
150705,key_press_Down,6,1,7
150738,key_press_Down,6,1,7
150771,key_press_Down,6,1,7
150804,key_press_Down,6,1,7
150837,key_press_Down,6,1,7
150870,key_press_Down,6,1,7
150902,key_press_Down,6,1,7
150936,key_press_Down,6,1,7
150969,key_press_Down,6,1,7
151001,key_press_Down,6,1,7
151034,key_press_Down,6,1,7
151112,key_press_Left,6,1,7
151444,key_press_Down,6,1,7
151942,key_press_Down,6,1,7
151975,key_press_Down,6,1,7
152008,key_press_Down,6,1,7
152041,key_press_Down,6,1,7
152074,key_press_Down,6,1,7
152107,key_press_Down,6,1,7
152140,key_press_Down,6,1,7
152172,key_press_Down,6,1,7
152205,key_press_Down,6,1,7
152205,row_removed,6,1,7
152211,spawn_new_piece,6,1,7
152238,key_press_Down,6,1,7
152271,key_press_Down,6,1,7
152304,key_press_Down,6,1,7
152337,key_press_Down,6,1,7
152370,key_press_Down,6,1,7
152403,key_press_Down,6,1,7
152436,key_press_Down,6,1,7
152664,key_press_Left,6,1,7
152854,key_press_Left,6,1,7
153043,key_press_Left,6,1,7
153232,key_press_Left,6,1,7
153421,key_press_Down,6,1,7
153919,key_press_Down,6,1,7
153952,key_press_Down,6,1,7
153985,key_press_Down,6,1,7
154018,key_press_Down,6,1,7
154051,key_press_Down,6,1,7
154084,key_press_Down,6,1,7
154117,key_press_Down,6,1,7
154150,key_press_Down,6,1,7
154182,key_press_Down,6,1,7
154215,key_press_Down,6,1,7
154248,key_press_Down,6,1,7
154281,key_press_Down,6,1,7
154314,key_press_Down,6,1,7
154347,key_press_Down,6,1,7
154380,key_press_Down,6,1,7
154413,key_press_Down,6,1,7
154446,key_press_Down,6,1,7
154479,key_press_Down,6,1,7
154512,key_press_Down,6,1,7
154545,key_press_Down,6,1,7
154578,key_press_Down,6,1,7
154610,key_press_Down,6,1,7
154611,row_removed,6,1,7
154617,spawn_new_piece,6,1,7
154643,key_press_Down,6,1,7
154677,key_press_Down,6,1,7
154710,key_press_Down,6,1,7
154742,key_press_Down,6,1,7
154775,key_press_Down,6,1,7
154992,key_press_Left,6,1,7
155174,key_press_Left,6,1,7
155394,key_press_Right,6,1,7
155560,key_press_Right,6,1,7
155725,key_press_Right,6,1,7
155972,rotate,6,1,7
155976,key_press_Up,6,1,7
156153,rotate,6,1,7
156164,key_press_Up,6,1,7
156437,key_press_Right,6,1,7
156675,key_press_Down,6,1,7
156944,key_press_Right,6,1,7
157110,key_press_Down,6,1,7
157608,key_press_Down,6,1,7
157641,key_press_Down,6,1,7
157674,key_press_Down,6,1,7
157707,key_press_Down,6,1,7
157740,key_press_Down,6,1,7
157773,key_press_Down,6,1,7
157806,key_press_Down,6,1,7
157839,key_press_Down,6,1,7
157872,key_press_Down,6,1,7
157905,key_press_Down,6,1,7
157938,key_press_Down,6,1,7
157970,key_press_Down,6,1,7
158003,key_press_Down,6,1,7
158036,key_press_Down,6,1,7
158069,key_press_Down,6,1,7
158102,key_press_Down,6,1,7
158135,key_press_Down,6,1,7
158168,key_press_Down,6,1,7
158201,key_press_Down,6,1,7
158234,key_press_Down,6,1,7
158234,row_removed,6,1,7
158240,spawn_new_piece,6,1,7
158267,key_press_Down,6,1,7
158300,key_press_Down,6,1,7
158332,key_press_Down,6,1,7
158365,key_press_Down,6,1,7
158522,key_press_Left,6,1,7
163865,key_press_Right,6,1,7
164079,key_press_Right,6,1,7
164244,key_press_Right,6,1,7
164523,key_press_Left,6,1,7
164689,key_press_Left,6,1,7
164854,key_press_Left,6,1,7
165378,key_press_Down,6,1,7
165876,key_press_Down,6,1,7
165909,key_press_Down,6,1,7
165942,key_press_Down,6,1,7
165975,key_press_Down,6,1,7
166008,key_press_Down,6,1,7
166041,key_press_Down,6,1,7
166041,row_removed,6,1,7
166052,spawn_new_piece,6,1,7
166073,key_press_Down,6,1,7
166106,key_press_Down,6,1,7
166139,key_press_Down,6,1,7
166172,key_press_Down,6,1,7
166205,key_press_Down,6,1,7
166238,key_press_Down,6,1,7
166285,key_press_Right,6,1,7
166483,key_press_Right,6,1,7
166624,key_press_Right,6,1,7
166814,key_press_Right,6,1,7
166955,key_press_Right,6,1,7
167454,key_press_Right,6,1,7
167487,key_press_Right,6,1,7
167600,key_press_Down,6,1,7
168099,key_press_Down,6,1,7
168131,key_press_Down,6,1,7
168164,key_press_Down,6,1,7
168197,key_press_Down,6,1,7
168230,key_press_Down,6,1,7
168263,key_press_Down,6,1,7
168296,key_press_Down,6,1,7
168329,key_press_Down,6,1,7
168362,key_press_Down,6,1,7
168395,key_press_Down,6,1,7
168428,key_press_Down,6,1,7
168461,key_press_Down,6,1,7
168494,key_press_Down,6,1,7
168527,key_press_Down,6,1,7
168560,key_press_Down,6,1,7
168592,key_press_Down,6,1,7
168625,key_press_Down,6,1,7
168658,key_press_Down,6,1,7
168691,key_press_Down,6,1,7
168724,key_press_Down,6,1,7
168757,key_press_Down,6,1,7
168790,key_press_Down,6,1,7
168823,key_press_Down,6,1,7
168856,key_press_Down,6,1,7
168889,key_press_Down,6,1,7
168922,key_press_Down,6,1,7
168954,key_press_Down,6,1,7
168987,key_press_Down,6,1,7
168988,row_removed,6,1,9
168992,spawn_new_piece,6,1,9
169020,key_press_Down,6,1,9
169053,key_press_Down,6,1,9
169086,key_press_Down,6,1,9
169119,key_press_Down,6,1,9
169152,key_press_Down,6,1,9
169730,key_press_Left,6,1,9
170812,key_press_Right,6,1,9
171010,key_press_Right,6,1,9
171175,key_press_Right,6,1,9
171350,rotate,6,1,9
171361,key_press_Up,6,1,9
171771,rotate,6,1,9
171777,key_press_Up,6,1,9
171920,rotate,6,1,9
171925,key_press_Up,6,1,9
172356,key_press_Right,6,1,9
172552,row_removed,6,1,9
172563,spawn_new_piece,6,1,9
172575,key_press_Right,6,1,9
173798,rotate,6,1,9
173810,key_press_Up,6,1,9
174467,key_press_Left,6,1,9
174688,rotate,6,1,9
174699,key_press_Up,6,1,9
174854,key_press_Left,6,1,9
175027,key_press_Left,6,1,9
175193,key_press_Left,6,1,9
176744,row_removed,6,1,9
176760,spawn_new_piece,6,1,9
177864,key_press_Left,6,1,9
178126,key_press_Left,6,1,9
178323,key_press_Left,6,1,9
178623,key_press_Right,6,1,9
178828,key_press_Right,6,1,9
178970,key_press_Right,6,1,9
179385,rotate,6,1,9
179399,key_press_Up,6,1,9
180502,row_removed,6,1,9
180518,spawn_new_piece,6,1,9
181306,key_press_Left,6,1,9
181567,rotate,6,1,9
181581,key_press_Up,6,1,9
181908,rotate,6,1,9
181923,key_press_Up,6,1,9
182305,key_press_Left,6,1,9
182582,rotate,6,1,9
182597,key_press_Up,6,1,9
182748,rotate,6,1,9
182763,key_press_Up,6,1,9
182905,rotate,6,1,9
182919,key_press_Up,6,1,9
183168,key_press_Left,6,1,9
183364,key_press_Left,6,1,9
184370,row_removed,6,1,9
184385,spawn_new_piece,6,1,9
186043,key_press_Left,6,1,9
186232,key_press_Left,6,1,9
186422,key_press_Left,6,1,9
188024,row_removed,6,1,9
188039,spawn_new_piece,6,1,9
189945,rotate,6,1,9
189956,key_press_Up,6,1,9
190143,rotate,6,1,9
190154,key_press_Up,6,1,9
190458,key_press_Right,6,1,9
190640,key_press_Right,6,1,9
190797,key_press_Right,6,1,9
191782,row_removed,6,1,9
191794,spawn_new_piece,6,1,9
192032,key_press_Right,6,1,9
192221,key_press_Right,6,1,9
193991,key_press_Down,6,1,9
194490,key_press_Down,6,1,9
194523,key_press_Down,6,1,9
194555,key_press_Down,6,1,9
194588,key_press_Down,6,1,9
194621,key_press_Down,6,1,9
194654,key_press_Down,6,1,9
194687,key_press_Down,6,1,9
194798,row_removed,6,1,9
194810,spawn_new_piece,6,1,9
196430,key_press_Right,6,1,9
196652,key_press_Right,6,1,9
196987,rotate,6,1,9
197006,key_press_Up,6,1,9
197479,key_press_Left,6,1,9
197693,key_press_Left,6,1,9
197946,rotate,6,1,9
197954,key_press_Up,6,1,9
198144,key_press_Left,6,1,9
198329,row_removed,6,1,9
198342,spawn_new_piece,6,1,9
198353,key_press_Left,6,1,9
198499,key_press_Left,6,1,9
199413,key_press_Down,6,1,9
199811,rotate,6,1,9
199823,key_press_Up,6,1,9
200104,rotate,6,1,9
200116,key_press_Up,6,1,9
200549,key_press_Left,6,1,9
201240,key_press_Down,6,1,9
201739,key_press_Down,6,1,9
201771,key_press_Down,6,1,9
201772,row_removed,6,1,9
201783,spawn_new_piece,6,1,9
201804,key_press_Down,6,1,9
201837,key_press_Down,6,1,9
201870,key_press_Down,6,1,9
201903,key_press_Down,6,1,9
201936,key_press_Down,6,1,9
201969,key_press_Down,6,1,9
202156,key_press_Right,6,1,9
202345,key_press_Right,6,1,9
202535,key_press_Right,6,1,9
202732,key_press_Right,6,1,9
202930,key_press_Right,6,1,9
203231,key_press_Down,6,1,9
203729,key_press_Down,6,1,9
203762,key_press_Down,6,1,9
203795,key_press_Down,6,1,9
203828,key_press_Down,6,1,9
203861,key_press_Down,6,1,9
203894,key_press_Down,6,1,9
203927,key_press_Down,6,1,9
203960,key_press_Down,6,1,9
203993,key_press_Down,6,1,9
204025,key_press_Down,6,1,9
204058,key_press_Down,6,1,9
204091,key_press_Down,6,1,9
204124,key_press_Down,6,1,9
204157,key_press_Down,6,1,9
204190,key_press_Down,6,1,9
204223,key_press_Down,6,1,9
204256,key_press_Down,6,1,9
204256,row_removed,6,1,9
204260,spawn_new_piece,6,1,9
204288,key_press_Down,6,1,9
204321,key_press_Down,6,1,9
204354,key_press_Down,6,1,9
204387,key_press_Down,6,1,9
204420,key_press_Down,6,1,9
204453,key_press_Down,6,1,9
205001,key_press_Left,6,1,9
205215,key_press_Left,6,1,9
205459,key_press_Right,6,1,9
205680,key_press_Right,6,1,9
205870,key_press_Right,6,1,9
206251,key_press_Down,6,1,9
206749,key_press_Down,6,1,9
206782,key_press_Down,6,1,9
206815,key_press_Down,6,1,9
206848,key_press_Down,6,1,9
206881,key_press_Down,6,1,9
206914,key_press_Down,6,1,9
206947,key_press_Down,6,1,9
206980,key_press_Down,6,1,9
206980,row_removed,6,1,9
206992,spawn_new_piece,6,1,9
207013,key_press_Down,6,1,9
207045,key_press_Down,6,1,9
207078,key_press_Down,6,1,9
207111,key_press_Down,6,1,9
207144,key_press_Down,6,1,9
207177,key_press_Down,6,1,9
207210,key_press_Down,6,1,9
207677,key_press_Right,6,1,9
207866,key_press_Right,6,1,9
208041,key_press_Left,6,1,9
208247,key_press_Left,6,1,9
208452,key_press_Left,6,1,9
209152,key_press_Left,6,1,9
209358,key_press_Left,6,1,9
209506,key_press_Right,6,1,9
209695,key_press_Right,6,1,9
210157,row_removed,6,1,9
210166,spawn_new_piece,6,1,9
210499,key_press_Right,6,1,9
210713,key_press_Right,6,1,9
211270,rotate,6,1,9
211275,key_press_Up,6,1,9
212026,key_press_Down,6,1,9
212524,key_press_Down,6,1,9
212557,key_press_Down,6,1,9
212589,key_press_Down,6,1,9
212622,key_press_Down,6,1,9
212655,key_press_Down,6,1,9
212688,key_press_Down,6,1,9
212721,key_press_Down,6,1,9
212754,key_press_Down,6,1,9
212787,key_press_Down,6,1,9
212820,key_press_Down,6,1,9
212853,key_press_Down,6,1,9
212886,key_press_Down,6,1,9
212919,key_press_Down,6,1,9
212952,row_removed,6,1,9
212952,key_press_Down,6,1,9
212961,spawn_new_piece,6,1,9
212985,key_press_Down,6,1,9
213017,key_press_Down,6,1,9
213050,key_press_Down,6,1,9
213083,key_press_Down,6,1,9
213116,key_press_Down,6,1,9
213149,key_press_Down,6,1,9
213182,key_press_Down,6,1,9
213769,key_press_Right,6,1,9
214327,rotate,6,1,9
214334,key_press_Up,6,1,9
214508,rotate,6,1,9
214517,key_press_Up,6,1,9
214682,rotate,6,1,9
214689,key_press_Up,6,1,9
214958,rotate,6,1,9
214962,key_press_Up,6,1,9
215220,rotate,6,1,9
215228,key_press_Up,6,1,9
215648,key_press_Down,6,1,9
215984,row_removed,6,1,9
215992,spawn_new_piece,6,1,9
217163,key_press_Left,6,1,9
217344,key_press_Left,6,1,9
217916,key_press_Down,6,1,9
218414,key_press_Down,6,1,9
218447,key_press_Down,6,1,9
218480,key_press_Down,6,1,9
218513,key_press_Down,6,1,9
218546,key_press_Down,6,1,9
218579,key_press_Down,6,1,9
218612,key_press_Down,6,1,9
218645,key_press_Down,6,1,9
218677,key_press_Down,6,1,9
218710,key_press_Down,6,1,9
218743,key_press_Down,6,1,9
218744,row_removed,6,1,9
218751,spawn_new_piece,6,1,9
218776,key_press_Down,6,1,9
218809,key_press_Down,6,1,9
218842,key_press_Down,6,1,9
218875,key_press_Down,6,1,9
218908,key_press_Down,6,1,9
218941,key_press_Down,6,1,9
218974,key_press_Down,6,1,9
219007,key_press_Down,6,1,9
219150,key_press_Right,6,1,9
219516,key_press_Right,6,1,9
219962,key_press_Left,6,1,9
220455,key_press_Left,6,1,9
220675,key_press_Down,6,1,9
221173,key_press_Down,6,1,9
221206,key_press_Down,6,1,9
221239,key_press_Down,6,1,9
221239,row_removed,6,1,9
221244,spawn_new_piece,6,1,9
221272,key_press_Down,6,1,9
221305,key_press_Down,6,1,9
221338,key_press_Down,6,1,9
221371,key_press_Down,6,1,9
221839,key_press_Left,6,1,9
222491,key_press_Left,6,1,9
222879,key_press_Right,6,1,9
223076,key_press_Right,6,1,9
223273,key_press_Right,6,1,9
223648,rotate,6,1,9
223656,key_press_Up,6,1,9
223822,rotate,6,1,9
223829,key_press_Up,6,1,9
223963,rotate,6,1,9
223971,key_press_Up,6,1,9
224211,row_removed,6,1,9
224219,spawn_new_piece,6,1,9
224806,key_press_Down,6,1,9
225140,key_press_Left,6,1,9
225296,key_press_Right,6,1,9
225486,key_press_Right,6,1,9
225675,key_press_Right,6,1,9
226049,key_press_Left,6,1,9
226247,key_press_Left,6,1,9
226436,key_press_Left,6,1,9
226800,key_press_Right,6,1,9
226965,key_press_Right,6,1,9
227101,row_removed,6,1,9
227109,spawn_new_piece,6,1,9
227139,key_press_Right,6,1,9
227288,key_press_Right,6,1,9
227734,key_press_Right,6,1,9
227947,key_press_Right,6,1,9
228250,rotate,6,1,9
228260,key_press_Up,6,1,9
228503,rotate,6,1,9
228511,key_press_Up,6,1,9
228812,key_press_Left,6,1,9
229010,rotate,6,1,9
229017,key_press_Up,6,1,9
458174,game_paused,6,1,9
149531,rotate,6,1,9
149541,key_press_Up,6,1,9
150661,key_press_Left,6,1,9
150851,key_press_Left,6,1,9
150943,row_removed,6,1,9
150955,spawn_new_piece,6,1,9
151056,key_press_Left,6,1,9
151877,key_press_Left,6,1,9
152090,key_press_Left,6,1,9
152272,key_press_Left,6,1,9
152509,key_press_Left,6,1,9
152762,key_press_Down,6,1,9
153259,key_press_Down,6,1,9
153292,key_press_Down,6,1,9
153325,key_press_Down,6,1,9
153358,key_press_Down,6,1,9
153391,key_press_Down,6,1,9
153424,key_press_Down,6,1,9
153457,key_press_Down,6,1,9
153489,key_press_Down,6,1,9
153522,key_press_Down,6,1,9
153555,key_press_Down,6,1,9
153588,key_press_Down,6,1,9
153621,key_press_Down,6,1,9
153622,row_removed,6,1,9
153630,spawn_new_piece,6,1,9
153655,key_press_Down,6,1,9
153687,key_press_Down,6,1,9
153720,key_press_Down,6,1,9
153753,key_press_Down,6,1,9
153786,key_press_Down,6,1,9
153819,key_press_Down,6,1,9
154101,key_press_Left,6,1,9
154282,key_press_Left,6,1,9
154591,key_press_Left,6,1,9
154861,rotate,6,1,9
154873,key_press_Up,6,1,9
155162,key_press_Left,6,1,9
155359,rotate,6,1,9
155371,key_press_Up,6,1,9
155596,rotate,6,1,9
155602,key_press_Up,6,1,9
156281,key_press_Left,6,1,9
156654,row_removed,6,1,9
156666,spawn_new_piece,6,1,9
157341,key_press_Left,6,1,9
157538,key_press_Left,6,1,9
157784,key_press_Left,6,1,9
158156,key_press_Down,6,1,9
158481,key_press_Right,6,1,9
158758,key_press_Down,6,1,9
159257,key_press_Down,6,1,9
159290,key_press_Down,6,1,9
159322,key_press_Down,6,1,9
159355,key_press_Down,6,1,9
159388,key_press_Down,6,1,9
159421,key_press_Down,6,1,9
159422,row_removed,6,1,9
159434,spawn_new_piece,6,1,9
159454,key_press_Down,6,1,9
159487,key_press_Down,6,1,9
159520,key_press_Down,6,1,9
159553,key_press_Down,6,1,9
159585,key_press_Down,6,1,9
159619,key_press_Down,6,1,9
159883,key_press_Left,6,1,9
160072,key_press_Left,6,1,9
160278,rotate,6,1,9
160308,key_press_Up,6,1,9
160523,rotate,6,1,9
160539,key_press_Up,6,1,9
160697,rotate,6,1,9
160709,key_press_Up,6,1,9
160918,key_press_Left,6,1,9
161132,key_press_Left,6,1,9
161304,key_press_Down,6,1,9
161802,key_press_Down,6,1,9
161835,key_press_Down,6,1,9
161868,key_press_Down,6,1,9
161901,row_removed,6,1,9
161901,key_press_Down,6,1,9
161914,spawn_new_piece,6,1,9
161934,key_press_Down,6,1,9
161967,key_press_Down,6,1,9
162000,key_press_Down,6,1,9
162033,key_press_Down,6,1,9
162066,key_press_Down,6,1,9
162098,key_press_Down,6,1,9
162131,key_press_Down,6,1,9
162389,key_press_Left,6,1,9
162570,key_press_Left,6,1,9
163341,key_press_Right,6,1,9
163658,key_press_Down,6,1,9
164157,key_press_Down,6,1,9
164190,key_press_Down,6,1,9
164223,key_press_Down,6,1,9
164223,row_removed,6,1,9
164235,spawn_new_piece,6,1,9
164255,key_press_Down,6,1,9
164288,key_press_Down,6,1,9
164321,key_press_Down,6,1,9
164354,key_press_Down,6,1,9
164387,key_press_Down,6,1,9
164420,key_press_Down,6,1,9
164805,key_press_Right,6,1,9
165019,key_press_Right,6,1,9
165240,key_press_Right,6,1,9
165797,key_press_Down,6,1,9
166296,key_press_Down,6,1,9
166328,key_press_Down,6,1,9
166361,key_press_Down,6,1,9
166394,key_press_Down,6,1,9
166427,key_press_Down,6,1,9
166460,key_press_Down,6,1,9
166460,row_removed,6,1,9
166469,spawn_new_piece,6,1,9
166493,key_press_Down,6,1,9
166526,key_press_Down,6,1,9
166559,key_press_Down,6,1,9
166592,key_press_Down,6,1,9
166625,key_press_Down,6,1,9
166658,key_press_Down,6,1,9
167128,key_press_Right,6,1,9
167383,key_press_Left,6,1,9
167516,rotate,6,1,9
167528,key_press_Up,6,1,9
167682,rotate,6,1,9
167689,key_press_Up,6,1,9
167848,rotate,6,1,9
167860,key_press_Up,6,1,9
168037,rotate,6,1,9
168049,key_press_Up,6,1,9
168235,key_press_Left,6,1,9
168440,key_press_Left,6,1,9
168598,rotate,6,1,9
168604,key_press_Up,6,1,9
168827,key_press_Left,6,1,9
168962,row_removed,6,1,9
168975,spawn_new_piece,6,1,9
169033,key_press_Left,6,1,9
169214,key_press_Left,6,1,9
169635,key_press_Left,6,1,9
169833,key_press_Left,6,1,9
170062,key_press_Left,6,1,9
170203,key_press_Down,6,1,9
170701,key_press_Down,6,1,9
170734,key_press_Down,6,1,9
170767,key_press_Down,6,1,9
170800,key_press_Down,6,1,9
170833,key_press_Down,6,1,9
170866,key_press_Down,6,1,9
170899,key_press_Down,6,1,9
170931,key_press_Down,6,1,9
170965,key_press_Down,6,1,9
170998,key_press_Down,6,1,9
171030,key_press_Down,6,1,9
171031,row_removed,6,1,9
171043,spawn_new_piece,6,1,9
171063,key_press_Down,6,1,9
171096,key_press_Down,6,1,9
171129,key_press_Down,6,1,9
171162,key_press_Down,6,1,9
171195,key_press_Down,6,1,9
171228,key_press_Down,6,1,9
171261,key_press_Down,6,1,9
171294,key_press_Down,6,1,9
171327,key_press_Down,6,1,9
171360,key_press_Down,6,1,9
171392,key_press_Down,6,1,9
171425,key_press_Down,6,1,9
171458,key_press_Down,6,1,9
171491,key_press_Down,6,1,9
171639,key_press_Left,6,1,9
171828,key_press_Left,6,1,9
172128,key_press_Down,6,1,9
172626,row_removed,6,1,9
172626,key_press_Down,6,1,9
172631,spawn_new_piece,6,1,9
172659,key_press_Down,6,1,9
172692,key_press_Down,6,1,9
172725,key_press_Down,6,1,9
172758,key_press_Down,6,1,9
172791,key_press_Down,6,1,9
173292,key_press_Left,6,1,9
173474,key_press_Left,6,1,9
173655,key_press_Left,6,1,9
173837,key_press_Left,6,1,9
174073,key_press_Down,6,1,9
174572,key_press_Down,6,1,9
174604,key_press_Down,6,1,9
174637,key_press_Down,6,1,9
174637,row_removed,6,1,9
174642,spawn_new_piece,6,1,9
174670,key_press_Down,6,1,9
174703,key_press_Down,6,1,9
174736,key_press_Down,6,1,9
174769,key_press_Down,6,1,9
174802,key_press_Down,6,1,9
175708,key_press_Down,6,1,9
176206,key_press_Down,6,1,9
176239,key_press_Down,6,1,9
176272,key_press_Down,6,1,9
176305,key_press_Down,6,1,9
176337,key_press_Right,6,1,9
176525,row_removed,6,1,9
176538,spawn_new_piece,6,1,9
176573,key_press_Down,6,1,9
176700,key_press_Left,6,1,9
177208,key_press_Down,6,1,9
177365,key_press_Right,6,1,9
177644,key_press_Left,6,1,9
178016,key_press_Down,6,1,9
178319,key_press_Left,6,1,9
178578,key_press_Down,6,1,9
178791,row_removed,6,1,9
178804,spawn_new_piece,6,1,9
179077,key_press_Down,6,1,9
179110,key_press_Down,6,1,9
179128,key_press_Right,6,1,9
179797,key_press_Left,6,1,9
180017,key_press_Down,6,1,9
180515,key_press_Down,6,1,9
180548,key_press_Down,6,1,9
180581,key_press_Down,6,1,9
180614,key_press_Down,6,1,9
180647,key_press_Down,6,1,9
180680,key_press_Down,6,1,9
180713,key_press_Down,6,1,9
180746,key_press_Down,6,1,9
180746,row_removed,6,1,9
180756,spawn_new_piece,6,1,9
180779,key_press_Down,6,1,9
180812,key_press_Down,6,1,9
180845,key_press_Down,6,1,9
180878,key_press_Down,6,1,9
180933,key_press_Right,6,1,9
181098,key_press_Right,6,1,9
181240,key_press_Right,6,1,9
181390,key_press_Right,6,1,9
181539,key_press_Right,6,1,9
181721,key_press_Right,6,1,9
181823,key_press_Down,6,1,9
182321,key_press_Down,6,1,9
182354,key_press_Down,6,1,9
182387,key_press_Down,6,1,9
182420,key_press_Down,6,1,9
182453,key_press_Down,6,1,9
182485,key_press_Down,6,1,9
182518,key_press_Down,6,1,9
182551,key_press_Down,6,1,9
182584,key_press_Down,6,1,9
182617,key_press_Down,6,1,9
182650,key_press_Down,6,1,9
182683,key_press_Down,6,1,9
182716,key_press_Down,6,1,9
182749,key_press_Down,6,1,9
182782,key_press_Down,6,1,9
182815,key_press_Down,6,1,9
182848,key_press_Down,6,1,9
182880,key_press_Down,6,1,9
182913,key_press_Down,6,1,9
182946,key_press_Down,6,1,9
182979,key_press_Down,6,1,9
183013,key_press_Down,6,1,9
183014,row_removed,6,1,9
183025,spawn_new_piece,6,1,9
183045,key_press_Down,6,1,9
183078,key_press_Down,6,1,9
183111,key_press_Down,6,1,9
183144,key_press_Down,6,1,9
183177,key_press_Down,6,1,9
183210,key_press_Down,6,1,9
183424,key_press_Right,6,1,9
183622,key_press_Right,6,1,9
183764,key_press_Right,6,1,9
183913,key_press_Right,6,1,9
184079,key_press_Right,6,1,9
184373,key_press_Down,6,1,9
184871,key_press_Down,6,1,9
184904,key_press_Down,6,1,9
184937,key_press_Down,6,1,9
184970,key_press_Down,6,1,9
185003,key_press_Down,6,1,9
185036,key_press_Down,6,1,9
185068,key_press_Down,6,1,9
185101,key_press_Down,6,1,9
185134,key_press_Down,6,1,9
185167,key_press_Down,6,1,9
185200,key_press_Down,6,1,9
185233,key_press_Down,6,1,9
185266,key_press_Down,6,1,9
185299,key_press_Down,6,1,9
185332,key_press_Down,6,1,9
185365,row_removed,6,1,9
185365,key_press_Down,6,1,9
185377,spawn_new_piece,6,1,9
185398,key_press_Down,6,1,9
185430,key_press_Down,6,1,9
185464,key_press_Down,6,1,9
185497,key_press_Down,6,1,9
185529,key_press_Down,6,1,9
185562,key_press_Down,6,1,9
185595,key_press_Down,6,1,9
185880,key_press_Left,6,1,9
186070,key_press_Left,6,1,9
186251,key_press_Left,6,1,9
186417,key_press_Left,6,1,9
186741,key_press_Down,6,1,9
187239,key_press_Down,6,1,9
187272,key_press_Down,6,1,9
187273,row_removed,6,1,9
187285,spawn_new_piece,6,1,9
187305,key_press_Down,6,1,9
187338,key_press_Down,6,1,9
187520,key_press_Right,6,1,9
187734,key_press_Right,6,1,9
187949,rotate,6,1,9
187961,key_press_Up,6,1,9
188139,rotate,6,1,9
188151,key_press_Up,6,1,9
188446,key_press_Right,6,1,9
188700,key_press_Down,6,1,9
189198,key_press_Down,6,1,9
189231,key_press_Down,6,1,9
189264,key_press_Down,6,1,9
189297,key_press_Down,6,1,9
189330,key_press_Down,6,1,9
189363,key_press_Down,6,1,9
189396,key_press_Down,6,1,9
189429,key_press_Down,6,1,9
189461,key_press_Down,6,1,9
189494,key_press_Down,6,1,9
189527,key_press_Down,6,1,9
189527,row_removed,6,1,9
189533,spawn_new_piece,6,1,9
189560,key_press_Down,6,1,9
189593,key_press_Down,6,1,9
189626,key_press_Down,6,1,9
189659,key_press_Down,6,1,9
189692,key_press_Down,6,1,9
190046,key_press_Right,6,1,9
190252,key_press_Right,6,1,9
190450,key_press_Right,6,1,9
191238,key_press_Down,6,1,9
191736,key_press_Down,6,1,9
191769,key_press_Down,6,1,9
191769,row_removed,6,1,9
191776,spawn_new_piece,6,1,9
191802,key_press_Down,6,1,9
191835,key_press_Down,6,1,9
191868,key_press_Down,6,1,9
191901,key_press_Down,6,1,9
191934,key_press_Down,6,1,9
191966,key_press_Down,6,1,9
191999,key_press_Down,6,1,9
192032,key_press_Down,6,1,9
192065,key_press_Down,6,1,9
192098,key_press_Down,6,1,9
192131,key_press_Down,6,1,9
192164,key_press_Down,6,1,9
192313,key_press_Right,6,1,9
192630,key_press_Down,6,1,9
193129,key_press_Down,6,1,9
193161,key_press_Down,6,1,9
193194,key_press_Down,6,1,9
193195,row_removed,6,1,9
193207,spawn_new_piece,6,1,9
193227,key_press_Down,6,1,9
193260,key_press_Down,6,1,9
193293,key_press_Down,6,1,9
193326,key_press_Down,6,1,9
193359,key_press_Down,6,1,9
193392,key_press_Down,6,1,9
193425,key_press_Down,6,1,9
193945,key_press_Right,6,1,9
194126,key_press_Right,6,1,9
194267,key_press_Right,6,1,9
194425,key_press_Right,6,1,9
194623,key_press_Right,6,1,9
194861,key_press_Down,6,1,9
195359,key_press_Down,6,1,9
195392,key_press_Down,6,1,9
195425,key_press_Down,6,1,9
195457,key_press_Down,6,1,9
195490,key_press_Down,6,1,9
195523,key_press_Down,6,1,9
195556,key_press_Down,6,1,9
195589,key_press_Down,6,1,9
195590,row_removed,6,1,9
195600,spawn_new_piece,6,1,9
195622,key_press_Down,6,1,9
195655,key_press_Down,6,1,9
195688,key_press_Down,6,1,9
195721,key_press_Down,6,1,9
195754,key_press_Down,6,1,9
195787,key_press_Down,6,1,9
196135,key_press_Right,6,1,9
196590,key_press_Left,6,1,9
196771,key_press_Left,6,1,9
196961,key_press_Left,6,1,9
197158,key_press_Left,6,1,9
197658,key_press_Down,6,1,9
197658,row_removed,6,1,9
197670,spawn_new_piece,6,1,9
198375,rotate,6,1,9
198387,key_press_Up,6,1,9
198573,rotate,6,1,9
198586,key_press_Up,6,1,9
198754,rotate,6,1,9
198766,key_press_Up,6,1,9
199174,key_press_Down,6,1,9
199672,key_press_Down,6,1,9
199705,key_press_Down,6,1,9
199738,key_press_Down,6,1,9
199771,key_press_Down,6,1,9
199804,key_press_Down,6,1,9
199837,key_press_Down,6,1,9
199870,key_press_Down,6,1,9
199870,row_removed,6,1,9
199877,spawn_new_piece,6,1,9
199903,key_press_Down,6,1,9
199936,key_press_Down,6,1,9
199969,key_press_Down,6,1,9
200001,key_press_Down,6,1,9
200034,key_press_Down,6,1,9
200067,key_press_Down,6,1,9
200385,key_press_Right,6,1,9
200566,key_press_Right,6,1,9
200812,key_press_Right,6,1,9
201011,rotate,6,1,9
201023,key_press_Up,6,1,9
201176,rotate,6,1,9
201185,key_press_Up,6,1,9
201668,key_press_Down,6,1,9
202167,key_press_Down,6,1,9
202167,row_removed,6,1,9
202179,spawn_new_piece,6,1,9
202199,key_press_Down,6,1,9
202232,key_press_Down,6,1,9
202809,key_press_Left,6,1,9
203078,key_press_Left,6,1,9
203601,key_press_Down,6,1,9
204100,key_press_Down,6,1,9
204133,key_press_Down,6,1,9
204166,key_press_Down,6,1,9
204166,row_removed,6,1,9
204178,spawn_new_piece,6,1,9
204198,key_press_Down,6,1,9
204614,key_press_Left,6,1,9
204740,key_press_Left,6,1,9
204890,key_press_Left,6,1,9
205063,key_press_Left,6,1,9
205253,key_press_Left,6,1,9
205441,key_press_Down,6,1,9
205940,key_press_Down,6,1,9
205972,key_press_Down,6,1,9
206005,key_press_Down,6,1,9
206038,key_press_Down,6,1,9
206071,key_press_Down,6,1,9
206104,key_press_Down,6,1,9
206104,row_removed,6,1,9
206117,spawn_new_piece,6,1,9
206137,key_press_Down,6,1,9
206170,key_press_Down,6,1,9
206203,key_press_Down,6,1,9
206236,key_press_Down,6,1,9
206269,key_press_Down,6,1,9
206302,key_press_Down,6,1,9
206334,key_press_Down,6,1,9
206596,key_press_Right,6,1,9
206778,key_press_Right,6,1,9
207098,key_press_Left,6,1,9
207366,rotate,6,1,9
207373,key_press_Up,6,1,9
207539,rotate,6,1,9
207551,key_press_Up,6,1,9
207689,rotate,6,1,9
207702,key_press_Up,6,1,9
207870,rotate,6,1,9
207875,key_press_Up,6,1,9
208002,row_removed,6,1,9
208015,spawn_new_piece,6,1,9
208116,rotate,6,1,9
208120,key_press_Up,6,1,9
208902,key_press_Right,6,1,9
209148,key_press_Right,6,1,9
209450,rotate,6,1,9
189839,game_paused,6,1,9
209462,key_press_Up,6,1,9
190406,key_press_Right,6,1,9
190652,key_press_Down,6,1,9
190981,row_removed,6,1,9
190993,spawn_new_piece,6,1,9
191680,key_press_Left,6,1,9
191902,key_press_Left,6,1,9
192123,key_press_Left,6,1,9
192345,rotate,6,1,9
192357,key_press_Up,6,1,9
192526,rotate,6,1,9
192538,key_press_Up,6,1,9
192684,rotate,6,1,9
192692,key_press_Up,6,1,9
193072,key_press_Down,6,1,9
193142,key_press_Right,6,1,9
193407,row_removed,6,1,9
193420,spawn_new_piece,6,1,9
194759,key_press_Right,6,1,9
194972,key_press_Right,6,1,9
195458,key_press_Down,6,1,9
195682,row_removed,6,1,9
195695,spawn_new_piece,6,1,9
196828,key_press_Right,6,1,9
197042,key_press_Right,6,1,9
197231,key_press_Right,6,1,9
197902,row_removed,6,1,9
197915,spawn_new_piece,6,1,9
198172,key_press_Left,6,1,9
198743,key_press_Right,6,1,9
199443,key_press_Right,6,1,9
199601,key_press_Right,6,1,9
199743,key_press_Right,6,1,9
199789,row_removed,6,1,9
199802,spawn_new_piece,6,1,9
199934,key_press_Left,6,1,9
200155,key_press_Left,6,1,9
200369,key_press_Left,6,1,9
200750,key_press_Left,6,1,9
200955,key_press_Left,6,1,9
201112,key_press_Down,6,1,9
201883,row_removed,6,1,9
201895,spawn_new_piece,6,1,9
202507,key_press_Left,6,1,9
203128,key_press_Left,6,1,9
203443,key_press_Right,6,1,9
204133,row_removed,6,1,9
204145,spawn_new_piece,6,1,9
205580,key_press_Right,6,1,9
206242,row_removed,6,1,9
206255,spawn_new_piece,6,1,9
206456,key_press_Right,6,1,9
206630,key_press_Right,6,1,9
206787,key_press_Right,6,1,9
206953,key_press_Right,6,1,9
207111,key_press_Right,6,1,9
207260,key_press_Right,6,1,9
207498,key_press_Down,6,1,9
207996,key_press_Down,6,1,9
208029,key_press_Down,6,1,9
208062,key_press_Down,6,1,9
208095,key_press_Down,6,1,9
208128,key_press_Down,6,1,9
208161,key_press_Down,6,1,9
208194,key_press_Down,6,1,9
208227,key_press_Down,6,1,9
208260,key_press_Down,6,1,9
208292,key_press_Down,6,1,9
208326,key_press_Down,6,1,9
208359,key_press_Down,6,1,9
208391,key_press_Down,6,1,9
208424,key_press_Down,6,1,9
208425,row_removed,6,1,9
208437,spawn_new_piece,6,1,9
208457,key_press_Down,6,1,9
208490,key_press_Down,6,1,9
208523,key_press_Down,6,1,9
208556,key_press_Down,6,1,9
208940,key_press_Right,6,1,9
209187,key_press_Left,6,1,9
209664,rotate,6,1,9
209677,key_press_Up,6,1,9
209997,rotate,6,1,9
210005,key_press_Up,6,1,9
210147,rotate,6,1,9
210159,key_press_Up,6,1,9
210328,row_removed,6,1,9
210340,spawn_new_piece,6,1,9
210935,key_press_Left,6,1,9
211100,key_press_Left,6,1,9
211552,key_press_Right,6,1,9
211734,key_press_Right,6,1,9
211955,key_press_Right,6,1,9
212218,row_removed,6,1,9
212232,spawn_new_piece,6,1,9
212864,key_press_Left,6,1,9
213054,key_press_Left,6,1,9
213228,key_press_Left,6,1,9
213457,key_press_Left,6,1,9
213549,key_press_Right,6,1,9
213731,key_press_Right,6,1,9
213896,key_press_Right,6,1,9
214093,row_removed,6,1,9
214106,spawn_new_piece,6,1,9
214749,key_press_Right,6,1,9
214938,key_press_Right,6,1,9
215104,key_press_Right,6,1,9
215229,key_press_Right,6,1,9
215428,rotate,6,1,9
215441,key_press_Up,6,1,9
215610,rotate,6,1,9
215622,key_press_Up,6,1,9
215760,rotate,6,1,9
215769,key_press_Up,6,1,9
216234,row_removed,6,1,9
216247,spawn_new_piece,6,1,9
216795,key_press_Left,6,1,9
216977,key_press_Left,6,1,9
217206,rotate,6,1,9
217218,key_press_Up,6,1,9
217388,rotate,6,1,9
217400,key_press_Up,6,1,9
217553,rotate,6,1,9
217565,key_press_Up,6,1,9
217823,key_press_Left,6,1,9
218028,key_press_Left,6,1,9
218170,rotate,6,1,9
218182,key_press_Up,6,1,9
218235,row_removed,6,1,9
218247,spawn_new_piece,6,1,9
218351,rotate,6,1,9
218363,key_press_Up,6,1,9
219019,key_press_Left,6,1,9
219201,key_press_Left,6,1,9
219494,rotate,6,1,9
219507,key_press_Up,6,1,9
219804,key_press_Left,6,1,9
220016,row_removed,6,1,9
220030,spawn_new_piece,6,1,9
220079,key_press_Right,6,1,9
220629,key_press_Down,6,1,9
220907,key_press_Left,6,1,9
221220,key_press_Left,6,1,9
221401,key_press_Left,6,1,9
221591,key_press_Left,6,1,9
221610,row_removed,6,1,9
221621,spawn_new_piece,6,1,9
222090,key_press_Left,6,1,9
222122,key_press_Left,6,1,9
222155,key_press_Left,6,1,9
222188,key_press_Left,6,1,9
222307,key_press_Left,6,1,9
222535,key_press_Right,6,1,9
222717,key_press_Right,6,1,9
222930,row_removed,6,1,9
222943,spawn_new_piece,6,1,9
223752,key_press_Right,6,1,9
224039,key_press_Left,6,1,9
224268,key_press_Left,6,1,9
224505,row_removed,6,1,9
224504,key_press_Down,6,1,9
224517,spawn_new_piece,6,1,9
224855,key_press_Left,6,1,9
225036,key_press_Left,6,1,9
225152,key_press_Right,6,1,9
225374,key_press_Right,6,1,9
225547,key_press_Right,6,1,9
225737,key_press_Right,6,1,9
225910,key_press_Right,6,1,9
226069,row_removed,6,1,9
226081,spawn_new_piece,6,1,9
226093,key_press_Left,6,1,9
226802,key_press_Left,6,1,9
226967,key_press_Left,6,1,9
227149,key_press_Left,6,1,9
227569,key_press_Down,6,1,9
227678,row_removed,6,1,9
227691,spawn_new_piece,6,1,9
227997,key_press_Right,6,1,9
228171,key_press_Right,6,1,9
228537,rotate,6,1,9
228549,key_press_Up,6,1,9
228751,key_press_Left,6,1,9
228964,key_press_Left,6,1,9
229241,row_removed,6,1,9
229248,spawn_new_piece,6,1,9
229551,key_press_Right,6,1,9
229709,key_press_Right,6,1,9
229890,key_press_Right,6,1,9
230121,rotate,6,1,9
230133,key_press_Up,6,1,9
230542,rotate,6,1,9
230554,key_press_Up,6,1,9
230689,row_removed,6,1,9
230701,spawn_new_piece,6,1,9
230713,rotate,6,1,9
230724,key_press_Up,6,1,9
231414,key_press_Right,6,1,9
231892,rotate,6,1,9
231904,key_press_Up,6,1,9
232042,rotate,6,1,9
232054,key_press_Up,6,1,9
232142,row_removed,6,1,9
232149,spawn_new_piece,6,1,9
233361,row_removed,6,1,9
233374,spawn_new_piece,6,1,9
233394,key_press_Right,6,1,9
233935,key_press_Right,6,1,9
234150,rotate,6,1,9
234163,key_press_Up,6,1,9
234316,rotate,6,1,9
234327,key_press_Up,6,1,9
234481,rotate,6,1,9
234493,key_press_Up,6,1,9
234720,row_removed,6,1,9
234733,spawn_new_piece,6,1,9
235213,key_press_Left,6,1,9
235395,key_press_Left,6,1,9
235560,key_press_Left,6,1,9
235852,key_press_Right,6,1,9
235955,row_removed,6,1,9
235960,spawn_new_piece,6,1,9
236442,key_press_Left,6,1,9
236648,key_press_Left,6,1,9
236821,key_press_Left,6,1,9
236831,row_removed,6,1,9
236832,spawn_new_piece,6,1,9
236994,key_press_Left,6,1,9
237383,key_press_Left,6,1,9
237605,key_press_Left,6,1,9
237777,key_press_Right,6,1,9
238064,row_removed,6,1,9
238077,spawn_new_piece,6,1,9
238477,key_press_Right,6,1,9
238674,key_press_Right,6,1,9
238865,key_press_Right,6,1,9
239078,key_press_Right,6,1,9
239275,key_press_Right,6,1,9
239553,key_press_Down,6,1,9
240052,key_press_Down,6,1,9
240084,key_press_Down,6,1,9
240117,row_removed,6,1,9
240117,key_press_Down,6,1,9
240124,spawn_new_piece,6,1,9
240150,key_press_Down,6,1,9
240183,key_press_Down,6,1,9
240216,key_press_Down,6,1,9
240249,key_press_Down,6,1,9
240282,key_press_Down,6,1,9
240452,key_press_Right,6,1,9
240642,key_press_Right,6,1,9
240823,key_press_Right,6,1,9
240941,row_removed,6,1,9
240953,spawn_new_piece,6,1,9
241238,key_press_Left,6,1,9
241491,key_press_Left,6,1,9
241695,key_press_Right,6,1,9
241750,key_press_Left,6,1,9
241849,row_removed,6,1,9
241862,spawn_new_piece,6,1,9
241940,key_press_Left,6,1,9
242280,key_press_Down,6,1,9
242493,key_press_Right,6,1,9
242746,key_press_Right,6,1,9
243191,key_press_Right,6,1,9
243379,row_removed,6,1,9
243391,spawn_new_piece,6,1,9
243460,key_press_Right,6,1,9
243958,key_press_Right,6,1,9
243991,key_press_Right,6,1,9
244024,key_press_Right,6,1,9
244057,key_press_Right,6,1,9
244090,key_press_Right,6,1,9
244521,key_press_Left,6,1,9
244723,row_removed,6,1,9
244735,spawn_new_piece,6,1,9
244752,key_press_Left,6,1,9
244939,key_press_Left,6,1,9
245384,key_press_Left,6,1,9
245558,key_press_Left,6,1,9
245763,key_press_Left,6,1,9
245957,row_removed,6,1,9
245971,spawn_new_piece,6,1,9
246167,key_press_Right,6,1,9
246661,rotate,6,1,9
246673,key_press_Up,6,1,9
246850,rotate,6,1,9
246863,key_press_Up,6,1,9
247318,key_press_Down,6,1,9
247426,row_removed,6,1,9
247439,spawn_new_piece,6,1,9
247604,key_press_Left,6,1,9
247897,key_press_Right,6,1,9
248381,key_press_Down,6,1,9
248707,row_removed,6,1,9
248720,spawn_new_piece,6,1,9
248897,key_press_Right,6,1,9
249095,key_press_Right,6,1,9
249501,key_press_Down,6,1,9
249832,row_removed,6,1,9
249845,spawn_new_piece,6,1,9
249858,key_press_Right,6,1,9
290483,game_paused,6,1,9
290956,key_press_Right,6,1,9
291277,row_removed,6,1,9
291291,spawn_new_piece,6,1,9
291626,key_press_Left,6,1,9
291957,key_press_Right,6,1,9
292355,key_press_Down,6,1,9
292464,row_removed,6,1,9
292469,spawn_new_piece,6,1,9
292817,key_press_Left,6,1,9
293022,key_press_Left,6,1,9
293236,rotate,6,1,9
293248,key_press_Up,6,1,9
293393,rotate,6,1,9
293400,key_press_Up,6,1,9
293558,rotate,6,1,9
293567,key_press_Up,6,1,9
293773,row_removed,6,1,9
293787,spawn_new_piece,6,1,9
294409,key_press_Down,6,1,9
294520,key_press_Left,6,1,9
294702,key_press_Left,6,1,9
294744,row_removed,6,1,9
294764,spawn_new_piece,6,1,9
294851,key_press_Left,6,1,9
295049,key_press_Left,6,1,9
295246,key_press_Left,6,1,9
295428,key_press_Left,6,1,9
295626,key_press_Left,6,1,9
295774,key_press_Down,6,1,9
296017,row_removed,6,1,9
296033,spawn_new_piece,6,1,9
296115,key_press_Right,6,1,9
296441,key_press_Left,6,1,9
296655,key_press_Left,6,1,9
296876,rotate,6,1,9
296889,key_press_Up,6,1,9
297042,rotate,6,1,9
297054,key_press_Up,6,1,9
297383,rotate,6,1,9
297389,key_press_Up,6,1,9
297463,row_removed,6,1,9
297476,spawn_new_piece,6,1,9
297923,key_press_Down,6,1,9
298183,key_press_Right,6,1,9
298429,key_press_Down,6,1,9
298651,row_removed,6,1,9
298669,spawn_new_piece,6,1,9
298834,key_press_Right,6,1,9
299023,key_press_Right,6,1,9
299229,key_press_Right,6,1,9
299427,rotate,6,1,9
299434,key_press_Up,6,1,9
299593,rotate,6,1,9
299605,key_press_Up,6,1,9
299759,rotate,6,1,9
299771,key_press_Up,6,1,9
299776,row_removed,6,1,9
299784,spawn_new_piece,6,1,9
300578,key_press_Down,6,1,9
300807,row_removed,6,1,9
300820,spawn_new_piece,6,1,9
301175,key_press_Right,6,1,9
301355,key_press_Right,6,1,9
301545,key_press_Right,6,1,9
301736,row_removed,6,1,9
301749,spawn_new_piece,6,1,9
301763,key_press_Right,6,1,9
302434,key_press_Right,6,1,9
302632,key_press_Right,6,1,9
302752,row_removed,6,1,9
302765,spawn_new_piece,6,1,9
303260,key_press_Right,6,1,9
303450,key_press_Right,6,1,9
303647,key_press_Right,6,1,9
303658,row_removed,6,1,9
303671,spawn_new_piece,6,1,9
303837,key_press_Right,6,1,9
304090,key_press_Right,6,1,9
304304,key_press_Right,6,1,9
304565,row_removed,6,1,9
304578,spawn_new_piece,6,1,9
304592,key_press_Right,6,1,9
305098,key_press_Right,6,1,9
305335,key_press_Right,6,1,9
305470,row_removed,6,1,9
305481,spawn_new_piece,6,1,9
305596,key_press_Right,6,1,9
305890,key_press_Down,6,1,9
306388,key_press_Down,6,1,9
306421,key_press_Down,6,1,9
306454,key_press_Down,6,1,9
306487,key_press_Down,6,1,9
306520,key_press_Down,6,1,9
306553,key_press_Down,6,1,9
306586,key_press_Down,6,1,9
306619,key_press_Down,6,1,9
306652,key_press_Down,6,1,9
306685,key_press_Down,6,1,9
306718,key_press_Down,6,1,9
306751,key_press_Down,6,1,9
306784,key_press_Down,6,1,9
306784,row_removed,6,1,9
306796,spawn_new_piece,6,1,9
306817,key_press_Down,6,1,9
306849,key_press_Down,6,1,9
306882,key_press_Down,6,1,9
306915,key_press_Down,6,1,9
306948,key_press_Down,6,1,9
306981,key_press_Down,6,1,9
307014,key_press_Down,6,1,9
307047,key_press_Down,6,1,9
307080,key_press_Down,6,1,9
307113,key_press_Down,6,1,9
307145,key_press_Down,6,1,9
307179,key_press_Down,6,1,9
307212,key_press_Down,6,1,9
307244,key_press_Down,6,1,9
307277,key_press_Down,6,1,9
307310,key_press_Down,6,1,9
307343,key_press_Down,6,1,9
307343,row_removed,6,1,9
307350,spawn_new_piece,6,1,9
307376,key_press_Down,6,1,9
307409,key_press_Down,6,1,9
307442,key_press_Down,6,1,9
307475,key_press_Down,6,1,9
307508,key_press_Down,6,1,9
307540,key_press_Down,6,1,9
307573,key_press_Down,6,1,9
307606,key_press_Down,6,1,9
307639,key_press_Down,6,1,9
307672,key_press_Down,6,1,9
307705,key_press_Down,6,1,9
307738,key_press_Down,6,1,9
307771,key_press_Down,6,1,9
307804,key_press_Down,6,1,9
307837,row_removed,6,1,9
307837,key_press_Down,6,1,9
307849,spawn_new_piece,6,1,9
307870,key_press_Down,6,1,9
307903,key_press_Down,6,1,9
307936,key_press_Down,6,1,9
307969,key_press_Down,6,1,9
308002,key_press_Down,6,1,9
308034,key_press_Down,6,1,9
308067,key_press_Down,6,1,9
308100,key_press_Down,6,1,9
308133,key_press_Down,6,1,9
308166,key_press_Down,6,1,9
308199,key_press_Down,6,1,9
308232,key_press_Down,6,1,9
308232,row_removed,6,1,9
308244,spawn_new_piece,6,1,9
308265,key_press_Down,6,1,9
308298,key_press_Down,6,1,9
308331,key_press_Down,6,1,9
308364,key_press_Down,6,1,9
308396,key_press_Down,6,1,9
308429,key_press_Down,6,1,9
308462,key_press_Down,6,1,9
308495,key_press_Down,6,1,9
308496,row_removed,6,1,9
308500,spawn_new_piece,6,1,9
308528,key_press_Down,6,1,9
308561,key_press_Down,6,1,9
308594,key_press_Down,6,1,9
308627,key_press_Down,6,1,9
308660,key_press_Down,6,1,9
308693,key_press_Down,6,1,9
308726,key_press_Down,6,1,9
308759,key_press_Down,6,1,9
308760,row_removed,6,1,9
308771,spawn_new_piece,6,1,9
308792,key_press_Down,6,1,9
308824,key_press_Down,6,1,9
308858,key_press_Down,6,1,9
308890,key_press_Down,6,1,9
308923,key_press_Down,6,1,9
308956,key_press_Down,6,1,9
308989,key_press_Down,6,1,9
309022,key_press_Down,6,1,9
309023,row_removed,6,1,9
309028,spawn_new_piece,6,1,9
309055,key_press_Down,6,1,9
309088,key_press_Down,6,1,9
309121,key_press_Down,6,1,9
309154,key_press_Down,6,1,9
309187,key_press_Down,6,1,9
309219,key_press_Down,6,1,9
309252,key_press_Down,6,1,9
309285,key_press_Down,6,1,9
309286,row_removed,6,1,9
309292,spawn_new_piece,6,1,9
309318,key_press_Down,6,1,9
309351,key_press_Down,6,1,9
309384,key_press_Down,6,1,9
309417,key_press_Down,6,1,9
309450,key_press_Down,6,1,9
309483,key_press_Down,6,1,9
309516,key_press_Down,6,1,9
309549,key_press_Down,6,1,9
309549,row_removed,6,1,9
309554,spawn_new_piece,6,1,9
309581,key_press_Down,6,1,9
309614,key_press_Down,6,1,9
309648,key_press_Down,6,1,9
309680,key_press_Down,6,1,9
309713,key_press_Down,6,1,9
309746,key_press_Down,6,1,9
309779,key_press_Down,6,1,9
309812,key_press_Down,6,1,9
309814,row_removed,6,1,9
309823,spawn_new_piece,6,1,9
309845,key_press_Down,6,1,9
309878,key_press_Down,6,1,9
309911,key_press_Down,6,1,9
309944,key_press_Down,6,1,9
309977,key_press_Down,6,1,9
310010,key_press_Down,6,1,9
310043,key_press_Down,6,1,9
310076,key_press_Down,6,1,9
310077,row_removed,6,1,9
310084,spawn_new_piece,6,1,9
310109,key_press_Down,6,1,9
310141,key_press_Down,6,1,9
310174,key_press_Down,6,1,9
310207,key_press_Down,6,1,9
310240,key_press_Down,6,1,9
310273,key_press_Down,6,1,9
310306,key_press_Down,6,1,9
310339,key_press_Down,6,1,9
310340,row_removed,6,1,9
310345,spawn_new_piece,6,1,9
310372,key_press_Down,6,1,9
310404,key_press_Down,6,1,9
310437,key_press_Down,6,1,9
310470,key_press_Down,6,1,9
310504,key_press_Down,6,1,9
310536,key_press_Down,6,1,9
310569,key_press_Down,6,1,9
310602,key_press_Down,6,1,9
310603,row_removed,6,1,9
310610,spawn_new_piece,6,1,9
310635,key_press_Down,6,1,9
310668,key_press_Down,6,1,9
310701,key_press_Down,6,1,9
310734,key_press_Down,6,1,9
310767,key_press_Down,6,1,9
310800,key_press_Down,6,1,9
310833,key_press_Down,6,1,9
310866,key_press_Down,6,1,9
310868,row_removed,6,1,9
310878,spawn_new_piece,6,1,9
310898,key_press_Down,6,1,9
310931,key_press_Down,6,1,9
310964,key_press_Down,6,1,9
310997,key_press_Down,6,1,9
311030,key_press_Down,6,1,9
311063,key_press_Down,6,1,9
311096,key_press_Down,6,1,9
311129,key_press_Down,6,1,9
311131,row_removed,6,1,9
311142,spawn_new_piece,6,1,9
311162,key_press_Down,6,1,9
311195,key_press_Down,6,1,9
311228,key_press_Down,6,1,9
311261,key_press_Down,6,1,9
311294,key_press_Down,6,1,9
311327,key_press_Down,6,1,9
311360,key_press_Down,6,1,9
311392,key_press_Down,6,1,9
311393,row_removed,6,1,8
311399,spawn_new_piece,6,1,8
311425,key_press_Down,6,1,8
311458,key_press_Down,6,1,8
311491,key_press_Down,6,1,8
311524,key_press_Down,6,1,8
311557,key_press_Down,6,1,8
311590,key_press_Down,6,1,8
311623,key_press_Down,6,1,8
311656,key_press_Down,6,1,8
311689,key_press_Down,6,1,8
311690,row_removed,6,1,7
311702,spawn_new_piece,6,1,7
311721,key_press_Down,6,1,7
311754,key_press_Down,6,1,7
311787,key_press_Down,6,1,7
311820,key_press_Down,6,1,7
311853,key_press_Down,6,1,7
311886,key_press_Down,6,1,7
311919,key_press_Down,6,1,7
311952,key_press_Down,6,1,7
311985,key_press_Down,6,1,7
311986,row_removed,6,1,7
311992,spawn_new_piece,6,1,7
312018,key_press_Down,6,1,7
312051,key_press_Down,6,1,7
312084,key_press_Down,6,1,7
312117,key_press_Down,6,1,7
312149,key_press_Down,6,1,7
312182,key_press_Down,6,1,7
312215,key_press_Down,6,1,7
312248,key_press_Down,6,1,7
312251,row_removed,6,1,6
312261,spawn_new_piece,6,1,6
312281,key_press_Down,6,1,6
312314,key_press_Down,6,1,6
312347,key_press_Down,6,1,6
312380,key_press_Down,6,1,6
312413,key_press_Down,6,1,6
312446,key_press_Down,6,1,6
312479,key_press_Down,6,1,6
312512,key_press_Down,6,1,6
312513,row_removed,6,1,5
312522,spawn_new_piece,6,1,5
312544,key_press_Down,6,1,5
312577,key_press_Down,6,1,5
312610,key_press_Down,6,1,5
312643,key_press_Down,6,1,5
312676,key_press_Down,6,1,5
312709,key_press_Down,6,1,5
312742,key_press_Down,6,1,5
312775,key_press_Down,6,1,5
312776,row_removed,6,1,5
312782,spawn_new_piece,6,1,5
312808,key_press_Down,6,1,5
312841,key_press_Down,6,1,5
312874,key_press_Down,6,1,5
312907,key_press_Down,6,1,5
312940,key_press_Down,6,1,5
312973,key_press_Down,6,1,5
313006,key_press_Down,6,1,5
313038,key_press_Down,6,1,5
313041,row_removed,6,1,4
313052,spawn_new_piece,6,1,4
313071,key_press_Down,6,1,4
313104,key_press_Down,6,1,4
313137,key_press_Down,6,1,4
313170,key_press_Down,6,1,4
313203,key_press_Down,6,1,4
313236,key_press_Down,6,1,4
313269,key_press_Down,6,1,4
313302,key_press_Down,6,1,4
313303,row_removed,6,1,3
313308,spawn_new_piece,6,1,3
313335,key_press_Down,6,1,3
313367,key_press_Down,6,1,3
313400,key_press_Down,6,1,3
313433,key_press_Down,6,1,3
313467,key_press_Down,6,1,3
313549,key_press_Right,6,1,3
313754,key_press_Right,6,1,3
313936,key_press_Right,6,1,3
314133,key_press_Right,6,1,3
314499,key_press_Down,6,1,3
314998,key_press_Down,6,1,3
315031,key_press_Down,6,1,3
315064,key_press_Down,6,1,3
315096,key_press_Down,6,1,3
315129,key_press_Down,6,1,3
315162,key_press_Down,6,1,3
315195,key_press_Down,6,1,3
315228,key_press_Down,6,1,3
315261,key_press_Down,6,1,3
315294,key_press_Down,6,1,3
315327,key_press_Down,6,1,3
315360,key_press_Down,6,1,3
315392,key_press_Down,6,1,3
315425,key_press_Down,6,1,3
315458,key_press_Down,6,1,3
315491,key_press_Down,6,1,3
315524,key_press_Down,6,1,3
315557,key_press_Down,6,1,3
315590,key_press_Down,6,1,3
315623,key_press_Down,6,1,3
315656,key_press_Down,6,1,3
315689,key_press_Down,6,1,3
315722,key_press_Down,6,1,3
315755,key_press_Down,6,1,3
315788,key_press_Down,6,1,3
315821,key_press_Down,6,1,3
315854,key_press_Down,6,1,3
315887,key_press_Down,6,1,3
315919,key_press_Down,6,1,3
315952,key_press_Down,6,1,3
315985,key_press_Down,6,1,3
316018,key_press_Down,6,1,3
316019,row_removed,6,1,3
316031,spawn_new_piece,6,1,3
316051,key_press_Down,6,1,3
316084,key_press_Down,6,1,3
316117,key_press_Down,6,1,3
316150,key_press_Down,6,1,3
316162,key_press_Left,6,1,3
316578,key_press_Down,6,1,3
317077,key_press_Down,6,1,3
317110,key_press_Down,6,1,3
317143,key_press_Down,6,1,3
317176,key_press_Down,6,1,3
317177,row_removed,6,1,3
317189,spawn_new_piece,6,1,3
317208,key_press_Down,6,1,3
317241,key_press_Down,6,1,3
317274,key_press_Down,6,1,3
317307,key_press_Down,6,1,3
317340,key_press_Down,6,1,3
317373,key_press_Down,6,1,3
317406,key_press_Down,6,1,3
317439,key_press_Down,6,1,3
317472,key_press_Down,6,1,3
317505,key_press_Down,6,1,3
317506,row_removed,6,1,2
317518,spawn_new_piece,6,1,2
317538,key_press_Down,6,1,2
317571,key_press_Down,6,1,2
317603,key_press_Down,6,1,2
317636,key_press_Down,6,1,2
317669,key_press_Down,6,1,2
317702,key_press_Down,6,1,2
317735,key_press_Down,6,1,2
317768,key_press_Down,6,1,2
317769,row_removed,6,1,2
317776,spawn_new_piece,6,1,2
317801,key_press_Down,6,1,2
317834,key_press_Down,6,1,2
317867,key_press_Down,6,1,2
317900,key_press_Down,6,1,2
317933,key_press_Down,6,1,2
317966,key_press_Down,6,1,2
317998,key_press_Down,6,1,2
318031,key_press_Down,6,1,2
318033,row_removed,6,1,1
318039,spawn_new_piece,6,1,1
318064,key_press_Down,6,1,1
318097,key_press_Down,6,1,1
318130,key_press_Down,6,1,1
318163,key_press_Down,6,1,1
318196,key_press_Down,6,1,1
318229,key_press_Down,6,1,1
318262,key_press_Down,6,1,1
318295,key_press_Down,6,1,1
318296,row_removed,6,1,0
318301,spawn_new_piece,6,1,0
318328,key_press_Down,6,1,0
318360,key_press_Down,6,1,0
318393,key_press_Down,6,1,0
318426,key_press_Down,6,1,0
318460,key_press_Down,6,1,0
318493,key_press_Down,6,1,0
318525,key_press_Down,6,1,0
318558,key_press_Down,6,1,0
318560,row_removed,6,1,0
318570,spawn_new_piece,6,1,0
318591,key_press_Down,6,1,0
318624,key_press_Down,6,1,0
318657,key_press_Down,6,1,0
318690,key_press_Down,6,1,0
318723,key_press_Down,6,1,0
318756,key_press_Down,6,1,0
318789,key_press_Down,6,1,0
318822,key_press_Down,6,1,0
318824,row_removed,6,1,0
318833,spawn_new_piece,6,1,0
318854,key_press_Down,6,1,0
318887,key_press_Down,6,1,0
318920,key_press_Down,6,1,0
318953,key_press_Down,6,1,0
318986,key_press_Down,6,1,0
319019,key_press_Down,6,1,0
319052,key_press_Down,6,1,0
319085,key_press_Down,6,1,0
319086,row_removed,6,1,0
319096,spawn_new_piece,6,1,0
319118,key_press_Down,6,1,0
319151,key_press_Down,6,1,0
319184,key_press_Down,6,1,0
319217,key_press_Down,6,1,0
319250,key_press_Down,6,1,0
319283,key_press_Down,6,1,0
319316,key_press_Down,6,1,0
319348,key_press_Down,6,1,0
319381,key_press_Down,6,1,0
319382,row_removed,6,1,0
319389,spawn_new_piece,6,1,0
319414,key_press_Down,6,1,0
319447,key_press_Down,6,1,0
319480,key_press_Down,6,1,0
319513,key_press_Down,6,1,0
319546,key_press_Down,6,1,0
319579,key_press_Down,6,1,0
319612,key_press_Down,6,1,0
319645,key_press_Down,6,1,0
319677,key_press_Down,6,1,0
319679,row_removed,6,1,0
319690,spawn_new_piece,6,1,0
319710,key_press_Down,6,1,0
319743,key_press_Down,6,1,0
319776,key_press_Down,6,1,0
319809,key_press_Down,6,1,0
319842,key_press_Down,6,1,0
319875,key_press_Down,6,1,0
319908,key_press_Down,6,1,0
319941,key_press_Down,6,1,0
319943,row_removed,6,1,0
319954,spawn_new_piece,6,1,0
319974,key_press_Down,6,1,0
320007,key_press_Down,6,1,0
320040,key_press_Down,6,1,0
320073,key_press_Down,6,1,0
320105,key_press_Down,6,1,0
320139,key_press_Down,6,1,0
320171,key_press_Down,6,1,0
320204,key_press_Down,6,1,0
320206,row_removed,6,1,0
320218,spawn_new_piece,6,1,0
320237,key_press_Down,6,1,0
320270,key_press_Down,6,1,0
320303,key_press_Down,6,1,0
320336,key_press_Down,6,1,0
320369,key_press_Down,6,1,0
320402,key_press_Down,6,1,0
320435,key_press_Down,6,1,0
320468,key_press_Down,6,1,0
320469,row_removed,6,1,0
320480,spawn_new_piece,6,1,0
320501,key_press_Down,6,1,0
320533,key_press_Down,6,1,0
320566,key_press_Down,6,1,0
320600,key_press_Down,6,1,0
320632,key_press_Down,6,1,0
320665,key_press_Down,6,1,0
320698,key_press_Down,6,1,0
320731,key_press_Down,6,1,0
320732,row_removed,6,1,0
320744,spawn_new_piece,6,1,0
320764,key_press_Down,6,1,0
320797,key_press_Down,6,1,0
320830,key_press_Down,6,1,0
320863,key_press_Down,6,1,0
320895,key_press_Down,6,1,0
320928,key_press_Down,6,1,0
320961,key_press_Down,6,1,0
320994,key_press_Down,6,1,0
320995,row_removed,6,1,0
320999,spawn_new_piece,6,1,0
321027,key_press_Down,6,1,0
321060,key_press_Down,6,1,0
321093,key_press_Down,6,1,0
321126,key_press_Down,6,1,0
321159,key_press_Down,6,1,0
321192,key_press_Down,6,1,0
321225,key_press_Down,6,1,0
321258,key_press_Down,6,1,0
321259,row_removed,6,1,0
321266,spawn_new_piece,6,1,0
321291,key_press_Down,6,1,0
321323,key_press_Down,6,1,0
321356,key_press_Down,6,1,0
321389,key_press_Down,6,1,0
321422,key_press_Down,6,1,0
321455,key_press_Down,6,1,0
321488,key_press_Down,6,1,0
321521,key_press_Down,6,1,0
321523,row_removed,6,1,0
321533,spawn_new_piece,6,1,0
321554,key_press_Down,6,1,0
321587,key_press_Down,6,1,0
321620,key_press_Down,6,1,0
321653,key_press_Down,6,1,0
321686,key_press_Down,6,1,0
321719,key_press_Down,6,1,0
321752,key_press_Down,6,1,0
321785,key_press_Down,6,1,0
321787,row_removed,6,1,0
321798,spawn_new_piece,6,1,0
321817,key_press_Down,6,1,0
321850,key_press_Down,6,1,0
321883,key_press_Down,6,1,0
321916,key_press_Down,6,1,0
321949,key_press_Down,6,1,0
321982,key_press_Down,6,1,0
322015,key_press_Down,6,1,0
322048,key_press_Down,6,1,0
322050,row_removed,6,1,0
322061,spawn_new_piece,6,1,0
322081,key_press_Down,6,1,0
322114,key_press_Down,6,1,0
322146,key_press_Down,6,1,0
322179,key_press_Down,6,1,0
322212,key_press_Down,6,1,0
322245,key_press_Down,6,1,0
322278,key_press_Down,6,1,0
322311,key_press_Down,6,1,0
322313,row_removed,6,1,0
322323,spawn_new_piece,6,1,0
322344,key_press_Down,6,1,0
322377,key_press_Down,6,1,0
322410,key_press_Down,6,1,0
322443,key_press_Down,6,1,0
322475,key_press_Down,6,1,0
322509,key_press_Down,6,1,0
322542,key_press_Down,6,1,0
322574,key_press_Down,6,1,0
322575,row_removed,6,1,0
322582,spawn_new_piece,6,1,0
322607,key_press_Down,6,1,0
322640,key_press_Down,6,1,0
322673,key_press_Down,6,1,0
322706,key_press_Down,6,1,0
322739,key_press_Down,6,1,0
322772,key_press_Down,6,1,0
322805,key_press_Down,6,1,0
322838,key_press_Down,6,1,0
322871,key_press_Down,6,1,0
322872,row_removed,6,1,0
322879,spawn_new_piece,6,1,0
322904,key_press_Down,6,1,0
322936,key_press_Down,6,1,0
322970,key_press_Down,6,1,0
323002,key_press_Down,6,1,0
323035,key_press_Down,6,1,0
323068,key_press_Down,6,1,0
323101,key_press_Down,6,1,0
323134,key_press_Down,6,1,0
323136,row_removed,6,1,0
323147,spawn_new_piece,6,1,0
323167,key_press_Down,6,1,0
323200,key_press_Down,6,1,0
323233,key_press_Down,6,1,0
323266,key_press_Down,6,1,0
323299,key_press_Down,6,1,0
323332,key_press_Down,6,1,0
323365,key_press_Down,6,1,0
323398,key_press_Down,6,1,0
323399,row_removed,6,1,0
323410,spawn_new_piece,6,1,0
323430,key_press_Down,6,1,0
323991,key_press_Left,6,1,0
324786,key_press_Right,6,1,0
324992,key_press_Down,6,1,0
325490,key_press_Down,6,1,0
325523,key_press_Down,6,1,0
325556,key_press_Down,6,1,0
325589,key_press_Down,6,1,0
325622,key_press_Down,6,1,0
325655,key_press_Down,6,1,0
325656,row_removed,6,1,0
325663,spawn_new_piece,6,1,0
325688,key_press_Down,6,1,0
325720,key_press_Down,6,1,0
325753,key_press_Down,6,1,0
325786,key_press_Down,6,1,0
325819,key_press_Down,6,1,0
325852,key_press_Down,6,1,0
325885,key_press_Down,6,1,0
325918,key_press_Down,6,1,0
325951,key_press_Down,6,1,0
325951,row_removed,6,1,0
325956,spawn_new_piece,6,1,0
325984,key_press_Down,6,1,0
326017,key_press_Down,6,1,0
326050,key_press_Down,6,1,0
326083,key_press_Down,6,1,0
326116,key_press_Down,6,1,0
326149,key_press_Down,6,1,0
326181,key_press_Down,6,1,0
326214,key_press_Down,6,1,0
326215,row_removed,6,1,0
326220,spawn_new_piece,6,1,0
326247,key_press_Down,6,1,0
326280,key_press_Down,6,1,0
326313,key_press_Down,6,1,0
326346,key_press_Down,6,1,0
326379,key_press_Down,6,1,0
326412,key_press_Down,6,1,0
326445,key_press_Down,6,1,0
326478,key_press_Down,6,1,0
326511,key_press_Down,6,1,0
326512,row_removed,6,1,0
326524,spawn_new_piece,6,1,0
326544,key_press_Down,6,1,0
326576,key_press_Down,6,1,0
326609,key_press_Down,6,1,0
326643,key_press_Down,6,1,0
326675,key_press_Down,6,1,0
326708,key_press_Down,6,1,0
326741,key_press_Down,6,1,0
326774,key_press_Down,6,1,0
326807,key_press_Down,6,1,0
326809,row_removed,6,1,0
326819,spawn_new_piece,6,1,0
326840,key_press_Down,6,1,0
326873,key_press_Down,6,1,0
326906,key_press_Down,6,1,0
326938,key_press_Down,6,1,0
326972,key_press_Down,6,1,0
327005,key_press_Down,6,1,0
327038,key_press_Down,6,1,0
327070,key_press_Down,6,1,0
327072,row_removed,6,1,0
327084,spawn_new_piece,6,1,0
327103,key_press_Down,6,1,0
327136,key_press_Down,6,1,0
327169,key_press_Down,6,1,0
327202,key_press_Down,6,1,0
327235,key_press_Down,6,1,0
327268,key_press_Down,6,1,0
327301,key_press_Down,6,1,0
327334,key_press_Down,6,1,0
327366,key_press_Down,6,1,0
327367,row_removed,6,1,0
327374,spawn_new_piece,6,1,0
327399,key_press_Down,6,1,0
327432,key_press_Down,6,1,0
327465,key_press_Down,6,1,0
327498,key_press_Down,6,1,0
327531,key_press_Down,6,1,0
327564,key_press_Down,6,1,0
327597,key_press_Down,6,1,0
327630,key_press_Down,6,1,0
327631,row_removed,6,1,0
327638,spawn_new_piece,6,1,0
327663,key_press_Down,6,1,0
327696,key_press_Down,6,1,0
327729,key_press_Down,6,1,0
327762,key_press_Down,6,1,0
327795,key_press_Down,6,1,0
327827,key_press_Down,6,1,0
327860,key_press_Down,6,1,0
327893,key_press_Down,6,1,0
327895,row_removed,6,1,0
327906,spawn_new_piece,6,1,0
327926,key_press_Down,6,1,0
327959,key_press_Down,6,1,0
327992,key_press_Down,6,1,0
328025,key_press_Down,6,1,0
328058,key_press_Down,6,1,0
328091,key_press_Down,6,1,0
328124,key_press_Down,6,1,0
328157,key_press_Down,6,1,0
328159,row_removed,6,1,0
328169,spawn_new_piece,6,1,0
328190,key_press_Down,6,1,0
328223,key_press_Down,6,1,0
328255,key_press_Down,6,1,0
328288,key_press_Down,6,1,0
328321,key_press_Down,6,1,0
328354,key_press_Down,6,1,0
328387,key_press_Down,6,1,0
328420,key_press_Down,6,1,0
328453,key_press_Down,6,1,0
328453,row_removed,6,1,0
328458,spawn_new_piece,6,1,0
328486,key_press_Down,6,1,0
328519,key_press_Down,6,1,0
328552,key_press_Down,6,1,0
328584,key_press_Down,6,1,0
328618,key_press_Down,6,1,0
328651,key_press_Down,6,1,0
328683,key_press_Down,6,1,0
328716,key_press_Down,6,1,0
328718,row_removed,6,1,0
328729,spawn_new_piece,6,1,0
328749,key_press_Down,6,1,0
328782,key_press_Down,6,1,0
328815,key_press_Down,6,1,0
328848,key_press_Down,6,1,0
328881,key_press_Down,6,1,0
328914,key_press_Down,6,1,0
328947,key_press_Down,6,1,0
328980,key_press_Down,6,1,0
328981,row_removed,6,1,0
328987,spawn_new_piece,6,1,0
329013,key_press_Down,6,1,0
329045,key_press_Down,6,1,0
329078,key_press_Down,6,1,0
329111,key_press_Down,6,1,0
329144,key_press_Down,6,1,0
329177,key_press_Down,6,1,0
329210,key_press_Down,6,1,0
329243,key_press_Down,6,1,0
329245,row_removed,6,1,0
329256,spawn_new_piece,6,1,0
329276,key_press_Down,6,1,0
329309,key_press_Down,6,1,0
329342,key_press_Down,6,1,0
329375,key_press_Down,6,1,0
329407,key_press_Down,6,1,0
329440,key_press_Down,6,1,0
329473,key_press_Down,6,1,0
329506,key_press_Down,6,1,0
329508,row_removed,6,1,0
329519,spawn_new_piece,6,1,0
329539,key_press_Down,6,1,0
329572,key_press_Down,6,1,0
329605,key_press_Down,6,1,0
329638,key_press_Down,6,1,0
329671,key_press_Down,6,1,0
329704,key_press_Down,6,1,0
329737,key_press_Down,6,1,0
329770,key_press_Down,6,1,0
329772,row_removed,6,1,0
329783,spawn_new_piece,6,1,0
329803,key_press_Down,6,1,0
329836,key_press_Down,6,1,0
329869,key_press_Down,6,1,0
329901,key_press_Down,6,1,0
329934,key_press_Down,6,1,0
329967,key_press_Down,6,1,0
330000,key_press_Down,6,1,0
330033,key_press_Down,6,1,0
330034,row_removed,6,1,0
330041,spawn_new_piece,6,1,0
330066,key_press_Down,6,1,0
330099,key_press_Down,6,1,0
330132,key_press_Down,6,1,0
330165,key_press_Down,6,1,0
330198,key_press_Down,6,1,0
330231,key_press_Down,6,1,0
330264,key_press_Down,6,1,0
330297,key_press_Down,6,1,0
330299,row_removed,6,1,0
330310,spawn_new_piece,6,1,0
330329,key_press_Down,6,1,0
330362,key_press_Down,6,1,0
330395,key_press_Down,6,1,0
330428,key_press_Down,6,1,0
330461,key_press_Down,6,1,0
330494,key_press_Down,6,1,0
330527,key_press_Down,6,1,0
330560,key_press_Down,6,1,0
330593,key_press_Down,6,1,0
330594,row_removed,6,1,0
330599,spawn_new_piece,6,1,0
330626,key_press_Down,6,1,0
330659,key_press_Down,6,1,0
330691,key_press_Down,6,1,0
330725,key_press_Down,6,1,0
330758,key_press_Down,6,1,0
330790,key_press_Down,6,1,0
330823,key_press_Down,6,1,0
330856,key_press_Down,6,1,0
330857,row_removed,6,1,0
330862,spawn_new_piece,6,1,0
330889,key_press_Down,6,1,0
330922,key_press_Down,6,1,0
330955,key_press_Down,6,1,0
330988,key_press_Down,6,1,0
331021,key_press_Down,6,1,0
331054,key_press_Down,6,1,0
331087,key_press_Down,6,1,0
331120,key_press_Down,6,1,0
331122,row_removed,6,1,0
331132,spawn_new_piece,6,1,0
331153,key_press_Down,6,1,0
331186,key_press_Down,6,1,0
331218,key_press_Down,6,1,0
331251,key_press_Down,6,1,0
331284,key_press_Down,6,1,0
331317,key_press_Down,6,1,0
331350,key_press_Down,6,1,0
331383,key_press_Down,6,1,0
331416,key_press_Down,6,1,0
331416,row_removed,6,1,0
331421,spawn_new_piece,6,1,0
331449,key_press_Down,6,1,0
331481,key_press_Down,6,1,0
331514,key_press_Down,6,1,0
331547,key_press_Down,6,1,0
331580,key_press_Down,6,1,0
331613,key_press_Down,6,1,0
331646,key_press_Down,6,1,0
331679,key_press_Down,6,1,0
331680,row_removed,6,1,0
331687,spawn_new_piece,6,1,0
331712,key_press_Down,6,1,0
331745,key_press_Down,6,1,0
331778,key_press_Down,6,1,0
331811,key_press_Down,6,1,0
331844,key_press_Down,6,1,0
331877,key_press_Down,6,1,0
331910,key_press_Down,6,1,0
331943,key_press_Down,6,1,0
331976,key_press_Down,6,1,0
331977,row_removed,6,1,0
331989,spawn_new_piece,6,1,0
332009,key_press_Down,6,1,0
332041,key_press_Down,6,1,0
332075,key_press_Down,6,1,0
332107,key_press_Down,6,1,0
332140,key_press_Down,6,1,0
332173,key_press_Down,6,1,0
332206,key_press_Down,6,1,0
332239,key_press_Down,6,1,0
332272,key_press_Down,6,1,0
332273,row_removed,6,1,0
332284,spawn_new_piece,6,1,0
332305,key_press_Down,6,1,0
332338,key_press_Down,6,1,0
333074,key_press_Down,6,1,0
333573,key_press_Down,6,1,0
333606,key_press_Down,6,1,0
333639,key_press_Down,6,1,0
333672,key_press_Down,6,1,0
333705,key_press_Down,6,1,0
334613,key_press_Ctrl,6,1,0
